day,level,filename,title,prompt
1,1,img_day1.png,Leo's Big Day,"Children's educational storybook illustration for Thai families. Warm cream background (#FFF8EF), never pure white. Soft rounded shapes, no sharp corners. Cute expressive semi-realistic characters — Thai/Southeast-Asian children, actively doing the action (speaking, pointing, reaching, playing), never posing for the camera. Gentle warm lighting. Palette: deep navy (#14204A) for outlines and dark areas, mango yellow (#FFB020) as the single eye-catching accent, coral (#FF6B5A) and mint green (#12B886) as small touches only. Large pale circles (12-16% opacity) in the background instead of patterns or gradients. ABSOLUTELY NO text, letters, words, numbers or signage anywhere in the image. 800x400 landscape banner, digital art, for ages 5-12. SCENE: Leo has a cat. Her name is Nala. Nala is small and white."
2,1,img_day2.png,Mimi's Garden Walk,"Children's educational storybook illustration for Thai families. Warm cream background (#FFF8EF), never pure white. Soft rounded shapes, no sharp corners. Cute expressive semi-realistic characters — Thai/Southeast-Asian children, actively doing the action (speaking, pointing, reaching, playing), never posing for the camera. Gentle warm lighting. Palette: deep navy (#14204A) for outlines and dark areas, mango yellow (#FFB020) as the single eye-catching accent, coral (#FF6B5A) and mint green (#12B886) as small touches only. Large pale circles (12-16% opacity) in the background instead of patterns or gradients. ABSOLUTELY NO text, letters, words, numbers or signage anywhere in the image. 800x400 landscape banner, digital art, for ages 5-12. SCENE: Mimi loves her garden. Every morning, she runs outside to look at her flowers. Today, she sees a tall tree near the gate."
3,1,img_day3.png,Sam's Farm Day,"Children's educational storybook illustration for Thai families. Warm cream background (#FFF8EF), never pure white. Soft rounded shapes, no sharp corners. Cute expressive semi-realistic characters — Thai/Southeast-Asian children, actively doing the action (speaking, pointing, reaching, playing), never posing for the camera. Gentle warm lighting. Palette: deep navy (#14204A) for outlines and dark areas, mango yellow (#FFB020) as the single eye-catching accent, coral (#FF6B5A) and mint green (#12B886) as small touches only. Large pale circles (12-16% opacity) in the background instead of patterns or gradients. ABSOLUTELY NO text, letters, words, numbers or signage anywhere in the image. 800x400 landscape banner, digital art, for ages 5-12. SCENE: Sam lives on a farm. Every morning, he likes to walk and see his animals. He has one big cow, one brown horse, and three white sheep."
4,1,img_day4.png,Duck at the Pond,"Children's educational storybook illustration for Thai families. Warm cream background (#FFF8EF), never pure white. Soft rounded shapes, no sharp corners. Cute expressive semi-realistic characters — Thai/Southeast-Asian children, actively doing the action (speaking, pointing, reaching, playing), never posing for the camera. Gentle warm lighting. Palette: deep navy (#14204A) for outlines and dark areas, mango yellow (#FFB020) as the single eye-catching accent, coral (#FF6B5A) and mint green (#12B886) as small touches only. Large pale circles (12-16% opacity) in the background instead of patterns or gradients. ABSOLUTELY NO text, letters, words, numbers or signage anywhere in the image. 800x400 landscape banner, digital art, for ages 5-12. SCENE: Near Leo's house, there is a pond. A yellow duck lives there. The duck can swim fast in the water."
5,1,img_day5.png,Amy and the Butterfly,"Children's educational storybook illustration for Thai families. Warm cream background (#FFF8EF), never pure white. Soft rounded shapes, no sharp corners. Cute expressive semi-realistic characters — Thai/Southeast-Asian children, actively doing the action (speaking, pointing, reaching, playing), never posing for the camera. Gentle warm lighting. Palette: deep navy (#14204A) for outlines and dark areas, mango yellow (#FFB020) as the single eye-catching accent, coral (#FF6B5A) and mint green (#12B886) as small touches only. Large pale circles (12-16% opacity) in the background instead of patterns or gradients. ABSOLUTELY NO text, letters, words, numbers or signage anywhere in the image. 800x400 landscape banner, digital art, for ages 5-12. SCENE: Amy is Mimi's little sister. One day, she sees a butterfly in the garden. A butterfly is an insect."
6,1,img_day6.png,River Friends,"Children's educational storybook illustration for Thai families. Warm cream background (#FFF8EF), never pure white. Soft rounded shapes, no sharp corners. Cute expressive semi-realistic characters — Thai/Southeast-Asian children, actively doing the action (speaking, pointing, reaching, playing), never posing for the camera. Gentle warm lighting. Palette: deep navy (#14204A) for outlines and dark areas, mango yellow (#FFB020) as the single eye-catching accent, coral (#FF6B5A) and mint green (#12B886) as small touches only. Large pale circles (12-16% opacity) in the background instead of patterns or gradients. ABSOLUTELY NO text, letters, words, numbers or signage anywhere in the image. 800x400 landscape banner, digital art, for ages 5-12. SCENE: Leo walks to the river one morning. He sees a green frog on a big rock. The frog can jump very far."
7,1,img_day7.png,Week 1 Review!,"Children's educational storybook illustration for Thai families. Warm cream background (#FFF8EF), never pure white. Soft rounded shapes, no sharp corners. Cute expressive semi-realistic characters — Thai/Southeast-Asian children, actively doing the action (speaking, pointing, reaching, playing), never posing for the camera. Gentle warm lighting. Palette: deep navy (#14204A) for outlines and dark areas, mango yellow (#FFB020) as the single eye-catching accent, coral (#FF6B5A) and mint green (#12B886) as small touches only. Large pale circles (12-16% opacity) in the background instead of patterns or gradients. ABSOLUTELY NO text, letters, words, numbers or signage anywhere in the image. 800x400 landscape banner, digital art, for ages 5-12. SCENE: a group of cheerful children celebrating finishing a week of learning together, clapping and giving high-fives in a bright open space with balloons and paper stars"
8,1,img_day8.png,Leo's Big Breakfast,"Children's educational storybook illustration for Thai families. Warm cream background (#FFF8EF), never pure white. Soft rounded shapes, no sharp corners. Cute expressive semi-realistic characters — Thai/Southeast-Asian children, actively doing the action (speaking, pointing, reaching, playing), never posing for the camera. Gentle warm lighting. Palette: deep navy (#14204A) for outlines and dark areas, mango yellow (#FFB020) as the single eye-catching accent, coral (#FF6B5A) and mint green (#12B886) as small touches only. Large pale circles (12-16% opacity) in the background instead of patterns or gradients. ABSOLUTELY NO text, letters, words, numbers or signage anywhere in the image. 800x400 landscape banner, digital art, for ages 5-12. SCENE: Leo wakes up early. He is very hungry. He sees bread on the table."
9,1,img_day9.png,Leo's Tasty Lunch,"Children's educational storybook illustration for Thai families. Warm cream background (#FFF8EF), never pure white. Soft rounded shapes, no sharp corners. Cute expressive semi-realistic characters — Thai/Southeast-Asian children, actively doing the action (speaking, pointing, reaching, playing), never posing for the camera. Gentle warm lighting. Palette: deep navy (#14204A) for outlines and dark areas, mango yellow (#FFB020) as the single eye-catching accent, coral (#FF6B5A) and mint green (#12B886) as small touches only. Large pale circles (12-16% opacity) in the background instead of patterns or gradients. ABSOLUTELY NO text, letters, words, numbers or signage anywhere in the image. 800x400 landscape banner, digital art, for ages 5-12. SCENE: It is lunchtime. Leo is very hungry. He sees a bowl of rice and a warm soup on the table."
10,1,img_day10.png,Mimi's Banana Cake,"Children's educational storybook illustration for Thai families. Warm cream background (#FFF8EF), never pure white. Soft rounded shapes, no sharp corners. Cute expressive semi-realistic characters — Thai/Southeast-Asian children, actively doing the action (speaking, pointing, reaching, playing), never posing for the camera. Gentle warm lighting. Palette: deep navy (#14204A) for outlines and dark areas, mango yellow (#FFB020) as the single eye-catching accent, coral (#FF6B5A) and mint green (#12B886) as small touches only. Large pale circles (12-16% opacity) in the background instead of patterns or gradients. ABSOLUTELY NO text, letters, words, numbers or signage anywhere in the image. 800x400 landscape banner, digital art, for ages 5-12. SCENE: Mimi is hungry after school. She wants to make a banana cake. She takes three bananas and starts to cook."
11,1,img_day11.png,Leo's Chicken Noodle,"Children's educational storybook illustration for Thai families. Warm cream background (#FFF8EF), never pure white. Soft rounded shapes, no sharp corners. Cute expressive semi-realistic characters — Thai/Southeast-Asian children, actively doing the action (speaking, pointing, reaching, playing), never posing for the camera. Gentle warm lighting. Palette: deep navy (#14204A) for outlines and dark areas, mango yellow (#FFB020) as the single eye-catching accent, coral (#FF6B5A) and mint green (#12B886) as small touches only. Large pale circles (12-16% opacity) in the background instead of patterns or gradients. ABSOLUTELY NO text, letters, words, numbers or signage anywhere in the image. 800x400 landscape banner, digital art, for ages 5-12. SCENE: Leo goes to the market to buy food. He wants to try making chicken noodle soup today. He buys fresh chicken and a little salt."
12,1,img_day12.png,Mimi's Grape Bowl,"Children's educational storybook illustration for Thai families. Warm cream background (#FFF8EF), never pure white. Soft rounded shapes, no sharp corners. Cute expressive semi-realistic characters — Thai/Southeast-Asian children, actively doing the action (speaking, pointing, reaching, playing), never posing for the camera. Gentle warm lighting. Palette: deep navy (#14204A) for outlines and dark areas, mango yellow (#FFB020) as the single eye-catching accent, coral (#FF6B5A) and mint green (#12B886) as small touches only. Large pale circles (12-16% opacity) in the background instead of patterns or gradients. ABSOLUTELY NO text, letters, words, numbers or signage anywhere in the image. 800x400 landscape banner, digital art, for ages 5-12. SCENE: Mimi has a big bowl of fruit. She puts oranges and grapes inside. Leo comes over."
13,1,img_day13.png,Leo's Meal Time,"Children's educational storybook illustration for Thai families. Warm cream background (#FFF8EF), never pure white. Soft rounded shapes, no sharp corners. Cute expressive semi-realistic characters — Thai/Southeast-Asian children, actively doing the action (speaking, pointing, reaching, playing), never posing for the camera. Gentle warm lighting. Palette: deep navy (#14204A) for outlines and dark areas, mango yellow (#FFB020) as the single eye-catching accent, coral (#FF6B5A) and mint green (#12B886) as small touches only. Large pale circles (12-16% opacity) in the background instead of patterns or gradients. ABSOLUTELY NO text, letters, words, numbers or signage anywhere in the image. 800x400 landscape banner, digital art, for ages 5-12. SCENE: Leo wakes up and is ready for breakfast. He sits at the table and eats eggs. At noon, Mimi wants to make lunch."
14,1,img_day14.png,Week 2 Food Review!,"Children's educational storybook illustration for Thai families. Warm cream background (#FFF8EF), never pure white. Soft rounded shapes, no sharp corners. Cute expressive semi-realistic characters — Thai/Southeast-Asian children, actively doing the action (speaking, pointing, reaching, playing), never posing for the camera. Gentle warm lighting. Palette: deep navy (#14204A) for outlines and dark areas, mango yellow (#FFB020) as the single eye-catching accent, coral (#FF6B5A) and mint green (#12B886) as small touches only. Large pale circles (12-16% opacity) in the background instead of patterns or gradients. ABSOLUTELY NO text, letters, words, numbers or signage anywhere in the image. 800x400 landscape banner, digital art, for ages 5-12. SCENE: a group of cheerful children celebrating finishing a week of learning together, clapping and giving high-fives in a family kitchen table full of fruit and simple dishes"
15,1,img_day15.png,Welcome Home 🏠,"Children's educational storybook illustration for Thai families. Warm cream background (#FFF8EF), never pure white. Soft rounded shapes, no sharp corners. Cute expressive semi-realistic characters — Thai/Southeast-Asian children, actively doing the action (speaking, pointing, reaching, playing), never posing for the camera. Gentle warm lighting. Palette: deep navy (#14204A) for outlines and dark areas, mango yellow (#FFB020) as the single eye-catching accent, coral (#FF6B5A) and mint green (#12B886) as small touches only. Large pale circles (12-16% opacity) in the background instead of patterns or gradients. ABSOLUTELY NO text, letters, words, numbers or signage anywhere in the image. 800x400 landscape banner, digital art, for ages 5-12. SCENE: After school, Leo runs home. He opens the door and steps inside. The floor is clean and cool."
16,1,img_day16.png,The Living Room 🛋️,"Children's educational storybook illustration for Thai families. Warm cream background (#FFF8EF), never pure white. Soft rounded shapes, no sharp corners. Cute expressive semi-realistic characters — Thai/Southeast-Asian children, actively doing the action (speaking, pointing, reaching, playing), never posing for the camera. Gentle warm lighting. Palette: deep navy (#14204A) for outlines and dark areas, mango yellow (#FFB020) as the single eye-catching accent, coral (#FF6B5A) and mint green (#12B886) as small touches only. Large pale circles (12-16% opacity) in the background instead of patterns or gradients. ABSOLUTELY NO text, letters, words, numbers or signage anywhere in the image. 800x400 landscape banner, digital art, for ages 5-12. SCENE: Leo and Mimi go to the living room. Dad is on the big sofa. Come and sit with me!"
17,1,img_day17.png,The Kitchen 🍳,"Children's educational storybook illustration for Thai families. Warm cream background (#FFF8EF), never pure white. Soft rounded shapes, no sharp corners. Cute expressive semi-realistic characters — Thai/Southeast-Asian children, actively doing the action (speaking, pointing, reaching, playing), never posing for the camera. Gentle warm lighting. Palette: deep navy (#14204A) for outlines and dark areas, mango yellow (#FFB020) as the single eye-catching accent, coral (#FF6B5A) and mint green (#12B886) as small touches only. Large pale circles (12-16% opacity) in the background instead of patterns or gradients. ABSOLUTELY NO text, letters, words, numbers or signage anywhere in the image. 800x400 landscape banner, digital art, for ages 5-12. SCENE: Mum is in the kitchen. Can we help? asks Leo."
18,1,img_day18.png,Bedtime 🛏️,"Children's educational storybook illustration for Thai families. Warm cream background (#FFF8EF), never pure white. Soft rounded shapes, no sharp corners. Cute expressive semi-realistic characters — Thai/Southeast-Asian children, actively doing the action (speaking, pointing, reaching, playing), never posing for the camera. Gentle warm lighting. Palette: deep navy (#14204A) for outlines and dark areas, mango yellow (#FFB020) as the single eye-catching accent, coral (#FF6B5A) and mint green (#12B886) as small touches only. Large pale circles (12-16% opacity) in the background instead of patterns or gradients. ABSOLUTELY NO text, letters, words, numbers or signage anywhere in the image. 800x400 landscape banner, digital art, for ages 5-12. SCENE: It is bedtime. Leo puts his toy on the shelf. Mimi hugs her soft pillow."
19,1,img_day19.png,My Family 👨‍👩‍👧‍👦,"Children's educational storybook illustration for Thai families. Warm cream background (#FFF8EF), never pure white. Soft rounded shapes, no sharp corners. Cute expressive semi-realistic characters — Thai/Southeast-Asian children, actively doing the action (speaking, pointing, reaching, playing), never posing for the camera. Gentle warm lighting. Palette: deep navy (#14204A) for outlines and dark areas, mango yellow (#FFB020) as the single eye-catching accent, coral (#FF6B5A) and mint green (#12B886) as small touches only. Large pale circles (12-16% opacity) in the background instead of patterns or gradients. ABSOLUTELY NO text, letters, words, numbers or signage anywhere in the image. 800x400 landscape banner, digital art, for ages 5-12. SCENE: After dinner the family sits together. This is my mother, says Leo. She cooks the best food!"
20,1,img_day20.png,Our House &#x1F3E1;,"Children's educational storybook illustration for Thai families. Warm cream background (#FFF8EF), never pure white. Soft rounded shapes, no sharp corners. Cute expressive semi-realistic characters — Thai/Southeast-Asian children, actively doing the action (speaking, pointing, reaching, playing), never posing for the camera. Gentle warm lighting. Palette: deep navy (#14204A) for outlines and dark areas, mango yellow (#FFB020) as the single eye-catching accent, coral (#FF6B5A) and mint green (#12B886) as small touches only. Large pale circles (12-16% opacity) in the background instead of patterns or gradients. ABSOLUTELY NO text, letters, words, numbers or signage anywhere in the image. 800x400 landscape banner, digital art, for ages 5-12. SCENE: Leo and Mimi draw a map of their house. Our house has a big garden, says Leo. The roof is red and shiny!"
21,1,img_day21.png,Week 3 Home Review!,"Children's educational storybook illustration for Thai families. Warm cream background (#FFF8EF), never pure white. Soft rounded shapes, no sharp corners. Cute expressive semi-realistic characters — Thai/Southeast-Asian children, actively doing the action (speaking, pointing, reaching, playing), never posing for the camera. Gentle warm lighting. Palette: deep navy (#14204A) for outlines and dark areas, mango yellow (#FFB020) as the single eye-catching accent, coral (#FF6B5A) and mint green (#12B886) as small touches only. Large pale circles (12-16% opacity) in the background instead of patterns or gradients. ABSOLUTELY NO text, letters, words, numbers or signage anywhere in the image. 800x400 landscape banner, digital art, for ages 5-12. SCENE: a group of cheerful children celebrating finishing a week of learning together, clapping and giving high-fives in a cozy Thai family living room"
22,1,img_day22.png,First Day at School,"Children's educational storybook illustration for Thai families. Warm cream background (#FFF8EF), never pure white. Soft rounded shapes, no sharp corners. Cute expressive semi-realistic characters — Thai/Southeast-Asian children, actively doing the action (speaking, pointing, reaching, playing), never posing for the camera. Gentle warm lighting. Palette: deep navy (#14204A) for outlines and dark areas, mango yellow (#FFB020) as the single eye-catching accent, coral (#FF6B5A) and mint green (#12B886) as small touches only. Large pale circles (12-16% opacity) in the background instead of patterns or gradients. ABSOLUTELY NO text, letters, words, numbers or signage anywhere in the image. 800x400 landscape banner, digital art, for ages 5-12. SCENE: Leo wakes up early. It is his first day at school! He walks into a big class."
23,1,img_day23.png,My Classroom,"Children's educational storybook illustration for Thai families. Warm cream background (#FFF8EF), never pure white. Soft rounded shapes, no sharp corners. Cute expressive semi-realistic characters — Thai/Southeast-Asian children, actively doing the action (speaking, pointing, reaching, playing), never posing for the camera. Gentle warm lighting. Palette: deep navy (#14204A) for outlines and dark areas, mango yellow (#FFB020) as the single eye-catching accent, coral (#FF6B5A) and mint green (#12B886) as small touches only. Large pale circles (12-16% opacity) in the background instead of patterns or gradients. ABSOLUTELY NO text, letters, words, numbers or signage anywhere in the image. 800x400 landscape banner, digital art, for ages 5-12. SCENE: Mimi is in her classroom. She has a book and a pen on her desk. The teacher writes on the board."
24,1,img_day24.png,Leo's School Bag,"Children's educational storybook illustration for Thai families. Warm cream background (#FFF8EF), never pure white. Soft rounded shapes, no sharp corners. Cute expressive semi-realistic characters — Thai/Southeast-Asian children, actively doing the action (speaking, pointing, reaching, playing), never posing for the camera. Gentle warm lighting. Palette: deep navy (#14204A) for outlines and dark areas, mango yellow (#FFB020) as the single eye-catching accent, coral (#FF6B5A) and mint green (#12B886) as small touches only. Large pale circles (12-16% opacity) in the background instead of patterns or gradients. ABSOLUTELY NO text, letters, words, numbers or signage anywhere in the image. 800x400 landscape banner, digital art, for ages 5-12. SCENE: Leo has a big blue bag. In his bag, he has a pencil and a ruler. He also has an eraser and some paper."
25,1,img_day25.png,Playtime!,"Children's educational storybook illustration for Thai families. Warm cream background (#FFF8EF), never pure white. Soft rounded shapes, no sharp corners. Cute expressive semi-realistic characters — Thai/Southeast-Asian children, actively doing the action (speaking, pointing, reaching, playing), never posing for the camera. Gentle warm lighting. Palette: deep navy (#14204A) for outlines and dark areas, mango yellow (#FFB020) as the single eye-catching accent, coral (#FF6B5A) and mint green (#12B886) as small touches only. Large pale circles (12-16% opacity) in the background instead of patterns or gradients. ABSOLUTELY NO text, letters, words, numbers or signage anywhere in the image. 800x400 landscape banner, digital art, for ages 5-12. SCENE: It is playtime at school! Leo and his friends run outside. They jump and laugh."
26,1,img_day26.png,My Teacher,"Children's educational storybook illustration for Thai families. Warm cream background (#FFF8EF), never pure white. Soft rounded shapes, no sharp corners. Cute expressive semi-realistic characters — Thai/Southeast-Asian children, actively doing the action (speaking, pointing, reaching, playing), never posing for the camera. Gentle warm lighting. Palette: deep navy (#14204A) for outlines and dark areas, mango yellow (#FFB020) as the single eye-catching accent, coral (#FF6B5A) and mint green (#12B886) as small touches only. Large pale circles (12-16% opacity) in the background instead of patterns or gradients. ABSOLUTELY NO text, letters, words, numbers or signage anywhere in the image. 800x400 landscape banner, digital art, for ages 5-12. SCENE: Leo teacher is very kind. She helps Leo every day. Leo loves to listen to her."
27,1,img_day27.png,Learning to Count,"Children's educational storybook illustration for Thai families. Warm cream background (#FFF8EF), never pure white. Soft rounded shapes, no sharp corners. Cute expressive semi-realistic characters — Thai/Southeast-Asian children, actively doing the action (speaking, pointing, reaching, playing), never posing for the camera. Gentle warm lighting. Palette: deep navy (#14204A) for outlines and dark areas, mango yellow (#FFB020) as the single eye-catching accent, coral (#FF6B5A) and mint green (#12B886) as small touches only. Large pale circles (12-16% opacity) in the background instead of patterns or gradients. ABSOLUTELY NO text, letters, words, numbers or signage anywhere in the image. 800x400 landscape banner, digital art, for ages 5-12. SCENE: Mimi sees numbers on the board. Lets count! says the teacher."
28,1,img_day28.png,Week 4 School Review!,"Children's educational storybook illustration for Thai families. Warm cream background (#FFF8EF), never pure white. Soft rounded shapes, no sharp corners. Cute expressive semi-realistic characters — Thai/Southeast-Asian children, actively doing the action (speaking, pointing, reaching, playing), never posing for the camera. Gentle warm lighting. Palette: deep navy (#14204A) for outlines and dark areas, mango yellow (#FFB020) as the single eye-catching accent, coral (#FF6B5A) and mint green (#12B886) as small touches only. Large pale circles (12-16% opacity) in the background instead of patterns or gradients. ABSOLUTELY NO text, letters, words, numbers or signage anywhere in the image. 800x400 landscape banner, digital art, for ages 5-12. SCENE: a group of cheerful children celebrating finishing a week of learning together, clapping and giving high-fives in a friendly classroom with desks and crayons"
29,1,img_day29.png,Colors Around Us,"Children's educational storybook illustration for Thai families. Warm cream background (#FFF8EF), never pure white. Soft rounded shapes, no sharp corners. Cute expressive semi-realistic characters — Thai/Southeast-Asian children, actively doing the action (speaking, pointing, reaching, playing), never posing for the camera. Gentle warm lighting. Palette: deep navy (#14204A) for outlines and dark areas, mango yellow (#FFB020) as the single eye-catching accent, coral (#FF6B5A) and mint green (#12B886) as small touches only. Large pale circles (12-16% opacity) in the background instead of patterns or gradients. ABSOLUTELY NO text, letters, words, numbers or signage anywhere in the image. 800x400 landscape banner, digital art, for ages 5-12. SCENE: Leo paints a picture at school. He uses red for the apple. The sky is blue."
30,1,img_day30.png,Shapes Everywhere,"Children's educational storybook illustration for Thai families. Warm cream background (#FFF8EF), never pure white. Soft rounded shapes, no sharp corners. Cute expressive semi-realistic characters — Thai/Southeast-Asian children, actively doing the action (speaking, pointing, reaching, playing), never posing for the camera. Gentle warm lighting. Palette: deep navy (#14204A) for outlines and dark areas, mango yellow (#FFB020) as the single eye-catching accent, coral (#FF6B5A) and mint green (#12B886) as small touches only. Large pale circles (12-16% opacity) in the background instead of patterns or gradients. ABSOLUTELY NO text, letters, words, numbers or signage anywhere in the image. 800x400 landscape banner, digital art, for ages 5-12. SCENE: Mimi sees shapes everywhere! The sun is a big circle. The window is a square."
31,2,img_day31.png,My Face,"Children's educational storybook illustration for Thai families. Warm cream background (#FFF8EF), never pure white. Soft rounded shapes, no sharp corners. Cute expressive semi-realistic characters — Thai/Southeast-Asian children, actively doing the action (speaking, pointing, reaching, playing), never posing for the camera. Gentle warm lighting. Palette: deep navy (#14204A) for outlines and dark areas, mango yellow (#FFB020) as the single eye-catching accent, coral (#FF6B5A) and mint green (#12B886) as small touches only. Large pale circles (12-16% opacity) in the background instead of patterns or gradients. ABSOLUTELY NO text, letters, words, numbers or signage anywhere in the image. 800x400 landscape banner, digital art, for ages 5-12. SCENE: Leo looks in the mirror. He sees his happy face! He has two big eyes and two ears."
32,2,img_day32.png,My Body,"Children's educational storybook illustration for Thai families. Warm cream background (#FFF8EF), never pure white. Soft rounded shapes, no sharp corners. Cute expressive semi-realistic characters — Thai/Southeast-Asian children, actively doing the action (speaking, pointing, reaching, playing), never posing for the camera. Gentle warm lighting. Palette: deep navy (#14204A) for outlines and dark areas, mango yellow (#FFB020) as the single eye-catching accent, coral (#FF6B5A) and mint green (#12B886) as small touches only. Large pale circles (12-16% opacity) in the background instead of patterns or gradients. ABSOLUTELY NO text, letters, words, numbers or signage anywhere in the image. 800x400 landscape banner, digital art, for ages 5-12. SCENE: Mimi has a strong body! She has soft hair on her head. She waves her hand and lifts her two arms."
33,2,img_day33.png,Smile and Laugh,"Children's educational storybook illustration for Thai families. Warm cream background (#FFF8EF), never pure white. Soft rounded shapes, no sharp corners. Cute expressive semi-realistic characters — Thai/Southeast-Asian children, actively doing the action (speaking, pointing, reaching, playing), never posing for the camera. Gentle warm lighting. Palette: deep navy (#14204A) for outlines and dark areas, mango yellow (#FFB020) as the single eye-catching accent, coral (#FF6B5A) and mint green (#12B886) as small touches only. Large pale circles (12-16% opacity) in the background instead of patterns or gradients. ABSOLUTELY NO text, letters, words, numbers or signage anywhere in the image. 800x400 landscape banner, digital art, for ages 5-12. SCENE: Leo brushes his white tooth. He counts one, two on his fingers. A warm scarf is on his neck."
34,2,img_day34.png,Five Senses,"Children's educational storybook illustration for Thai families. Warm cream background (#FFF8EF), never pure white. Soft rounded shapes, no sharp corners. Cute expressive semi-realistic characters — Thai/Southeast-Asian children, actively doing the action (speaking, pointing, reaching, playing), never posing for the camera. Gentle warm lighting. Palette: deep navy (#14204A) for outlines and dark areas, mango yellow (#FFB020) as the single eye-catching accent, coral (#FF6B5A) and mint green (#12B886) as small touches only. Large pale circles (12-16% opacity) in the background instead of patterns or gradients. ABSOLUTELY NO text, letters, words, numbers or signage anywhere in the image. 800x400 landscape banner, digital art, for ages 5-12. SCENE: Leo plays a game with his five senses. He can see a red bird. He can hear a sweet song."
35,2,img_day35.png,Move Your Body,"Children's educational storybook illustration for Thai families. Warm cream background (#FFF8EF), never pure white. Soft rounded shapes, no sharp corners. Cute expressive semi-realistic characters — Thai/Southeast-Asian children, actively doing the action (speaking, pointing, reaching, playing), never posing for the camera. Gentle warm lighting. Palette: deep navy (#14204A) for outlines and dark areas, mango yellow (#FFB020) as the single eye-catching accent, coral (#FF6B5A) and mint green (#12B886) as small touches only. Large pale circles (12-16% opacity) in the background instead of patterns or gradients. ABSOLUTELY NO text, letters, words, numbers or signage anywhere in the image. 800x400 landscape banner, digital art, for ages 5-12. SCENE: Every morning Mimi stands up tall. She washes her hands with soap. She brushes her hair."
36,2,img_day36.png,Strong and Tall,"Children's educational storybook illustration for Thai families. Warm cream background (#FFF8EF), never pure white. Soft rounded shapes, no sharp corners. Cute expressive semi-realistic characters — Thai/Southeast-Asian children, actively doing the action (speaking, pointing, reaching, playing), never posing for the camera. Gentle warm lighting. Palette: deep navy (#14204A) for outlines and dark areas, mango yellow (#FFB020) as the single eye-catching accent, coral (#FF6B5A) and mint green (#12B886) as small touches only. Large pale circles (12-16% opacity) in the background instead of patterns or gradients. ABSOLUTELY NO text, letters, words, numbers or signage anywhere in the image. 800x400 landscape banner, digital art, for ages 5-12. SCENE: Leo is young and strong. He can climb the tall tree! But today Leo feels sick."
37,2,img_day37.png,Week 5 Body Review!,"Children's educational storybook illustration for Thai families. Warm cream background (#FFF8EF), never pure white. Soft rounded shapes, no sharp corners. Cute expressive semi-realistic characters — Thai/Southeast-Asian children, actively doing the action (speaking, pointing, reaching, playing), never posing for the camera. Gentle warm lighting. Palette: deep navy (#14204A) for outlines and dark areas, mango yellow (#FFB020) as the single eye-catching accent, coral (#FF6B5A) and mint green (#12B886) as small touches only. Large pale circles (12-16% opacity) in the background instead of patterns or gradients. ABSOLUTELY NO text, letters, words, numbers or signage anywhere in the image. 800x400 landscape banner, digital art, for ages 5-12. SCENE: a group of cheerful children celebrating finishing a week of learning together, clapping and giving high-fives in a bright open space with balloons and paper stars"
38,2,img_day38.png,What to Wear,"Children's educational storybook illustration for Thai families. Warm cream background (#FFF8EF), never pure white. Soft rounded shapes, no sharp corners. Cute expressive semi-realistic characters — Thai/Southeast-Asian children, actively doing the action (speaking, pointing, reaching, playing), never posing for the camera. Gentle warm lighting. Palette: deep navy (#14204A) for outlines and dark areas, mango yellow (#FFB020) as the single eye-catching accent, coral (#FF6B5A) and mint green (#12B886) as small touches only. Large pale circles (12-16% opacity) in the background instead of patterns or gradients. ABSOLUTELY NO text, letters, words, numbers or signage anywhere in the image. 800x400 landscape banner, digital art, for ages 5-12. SCENE: Mimi opens her closet. What should she wear today? She picks a blue shirt."
39,2,img_day39.png,More Clothes,"Children's educational storybook illustration for Thai families. Warm cream background (#FFF8EF), never pure white. Soft rounded shapes, no sharp corners. Cute expressive semi-realistic characters — Thai/Southeast-Asian children, actively doing the action (speaking, pointing, reaching, playing), never posing for the camera. Gentle warm lighting. Palette: deep navy (#14204A) for outlines and dark areas, mango yellow (#FFB020) as the single eye-catching accent, coral (#FF6B5A) and mint green (#12B886) as small touches only. Large pale circles (12-16% opacity) in the background instead of patterns or gradients. ABSOLUTELY NO text, letters, words, numbers or signage anywhere in the image. 800x400 landscape banner, digital art, for ages 5-12. SCENE: Leo likes his clothes. He finds a coin in his pocket! His coat has five little buttons."
40,2,img_day40.png,Getting Dressed,"Children's educational storybook illustration for Thai families. Warm cream background (#FFF8EF), never pure white. Soft rounded shapes, no sharp corners. Cute expressive semi-realistic characters — Thai/Southeast-Asian children, actively doing the action (speaking, pointing, reaching, playing), never posing for the camera. Gentle warm lighting. Palette: deep navy (#14204A) for outlines and dark areas, mango yellow (#FFB020) as the single eye-catching accent, coral (#FF6B5A) and mint green (#12B886) as small touches only. Large pale circles (12-16% opacity) in the background instead of patterns or gradients. ABSOLUTELY NO text, letters, words, numbers or signage anywhere in the image. 800x400 landscape banner, digital art, for ages 5-12. SCENE: It is morning. Leo wants to get dressed. He must choose a shirt."
41,2,img_day41.png,Dark Colors,"Children's educational storybook illustration for Thai families. Warm cream background (#FFF8EF), never pure white. Soft rounded shapes, no sharp corners. Cute expressive semi-realistic characters — Thai/Southeast-Asian children, actively doing the action (speaking, pointing, reaching, playing), never posing for the camera. Gentle warm lighting. Palette: deep navy (#14204A) for outlines and dark areas, mango yellow (#FFB020) as the single eye-catching accent, coral (#FF6B5A) and mint green (#12B886) as small touches only. Large pale circles (12-16% opacity) in the background instead of patterns or gradients. ABSOLUTELY NO text, letters, words, numbers or signage anywhere in the image. 800x400 landscape banner, digital art, for ages 5-12. SCENE: Mimi paints many colors today. She has a black cat. She wears brown boots."
42,2,img_day42.png,Pretty and Nice,"Children's educational storybook illustration for Thai families. Warm cream background (#FFF8EF), never pure white. Soft rounded shapes, no sharp corners. Cute expressive semi-realistic characters — Thai/Southeast-Asian children, actively doing the action (speaking, pointing, reaching, playing), never posing for the camera. Gentle warm lighting. Palette: deep navy (#14204A) for outlines and dark areas, mango yellow (#FFB020) as the single eye-catching accent, coral (#FF6B5A) and mint green (#12B886) as small touches only. Large pale circles (12-16% opacity) in the background instead of patterns or gradients. ABSOLUTELY NO text, letters, words, numbers or signage anywhere in the image. 800x400 landscape banner, digital art, for ages 5-12. SCENE: Leo wears a nice hat. Mimi has a pretty dress. It is her favorite!"
43,2,img_day43.png,At the Clothes Shop,"Children's educational storybook illustration for Thai families. Warm cream background (#FFF8EF), never pure white. Soft rounded shapes, no sharp corners. Cute expressive semi-realistic characters — Thai/Southeast-Asian children, actively doing the action (speaking, pointing, reaching, playing), never posing for the camera. Gentle warm lighting. Palette: deep navy (#14204A) for outlines and dark areas, mango yellow (#FFB020) as the single eye-catching accent, coral (#FF6B5A) and mint green (#12B886) as small touches only. Large pale circles (12-16% opacity) in the background instead of patterns or gradients. ABSOLUTELY NO text, letters, words, numbers or signage anywhere in the image. 800x400 landscape banner, digital art, for ages 5-12. SCENE: Leo saves his money. He wants a new hat for Mimi. The shop sells many pretty hats."
44,2,img_day44.png,Week 6 Clothes Review!,"Children's educational storybook illustration for Thai families. Warm cream background (#FFF8EF), never pure white. Soft rounded shapes, no sharp corners. Cute expressive semi-realistic characters — Thai/Southeast-Asian children, actively doing the action (speaking, pointing, reaching, playing), never posing for the camera. Gentle warm lighting. Palette: deep navy (#14204A) for outlines and dark areas, mango yellow (#FFB020) as the single eye-catching accent, coral (#FF6B5A) and mint green (#12B886) as small touches only. Large pale circles (12-16% opacity) in the background instead of patterns or gradients. ABSOLUTELY NO text, letters, words, numbers or signage anywhere in the image. 800x400 landscape banner, digital art, for ages 5-12. SCENE: a group of cheerful children celebrating finishing a week of learning together, clapping and giving high-fives in a bright open space with balloons and paper stars"
45,2,img_day45.png,Look at the Sky,"Children's educational storybook illustration for Thai families. Warm cream background (#FFF8EF), never pure white. Soft rounded shapes, no sharp corners. Cute expressive semi-realistic characters — Thai/Southeast-Asian children, actively doing the action (speaking, pointing, reaching, playing), never posing for the camera. Gentle warm lighting. Palette: deep navy (#14204A) for outlines and dark areas, mango yellow (#FFB020) as the single eye-catching accent, coral (#FF6B5A) and mint green (#12B886) as small touches only. Large pale circles (12-16% opacity) in the background instead of patterns or gradients. ABSOLUTELY NO text, letters, words, numbers or signage anywhere in the image. 800x400 landscape banner, digital art, for ages 5-12. SCENE: Leo lies on the green grass. He looks at the big blue sky. The sun is bright and warm."
46,2,img_day46.png,Four Seasons,"Children's educational storybook illustration for Thai families. Warm cream background (#FFF8EF), never pure white. Soft rounded shapes, no sharp corners. Cute expressive semi-realistic characters — Thai/Southeast-Asian children, actively doing the action (speaking, pointing, reaching, playing), never posing for the camera. Gentle warm lighting. Palette: deep navy (#14204A) for outlines and dark areas, mango yellow (#FFB020) as the single eye-catching accent, coral (#FF6B5A) and mint green (#12B886) as small touches only. Large pale circles (12-16% opacity) in the background instead of patterns or gradients. ABSOLUTELY NO text, letters, words, numbers or signage anywhere in the image. 800x400 landscape banner, digital art, for ages 5-12. SCENE: Mimi draws the four seasons for school. How is the weather today? In spring, flowers grow."
47,2,img_day47.png,Nature Wonders,"Children's educational storybook illustration for Thai families. Warm cream background (#FFF8EF), never pure white. Soft rounded shapes, no sharp corners. Cute expressive semi-realistic characters — Thai/Southeast-Asian children, actively doing the action (speaking, pointing, reaching, playing), never posing for the camera. Gentle warm lighting. Palette: deep navy (#14204A) for outlines and dark areas, mango yellow (#FFB020) as the single eye-catching accent, coral (#FF6B5A) and mint green (#12B886) as small touches only. Large pale circles (12-16% opacity) in the background instead of patterns or gradients. ABSOLUTELY NO text, letters, words, numbers or signage anywhere in the image. 800x400 landscape banner, digital art, for ages 5-12. SCENE: A big storm comes with wind and rain. Then it stops. Look!"
48,2,img_day48.png,Weather Actions,"Children's educational storybook illustration for Thai families. Warm cream background (#FFF8EF), never pure white. Soft rounded shapes, no sharp corners. Cute expressive semi-realistic characters — Thai/Southeast-Asian children, actively doing the action (speaking, pointing, reaching, playing), never posing for the camera. Gentle warm lighting. Palette: deep navy (#14204A) for outlines and dark areas, mango yellow (#FFB020) as the single eye-catching accent, coral (#FF6B5A) and mint green (#12B886) as small touches only. Large pale circles (12-16% opacity) in the background instead of patterns or gradients. ABSOLUTELY NO text, letters, words, numbers or signage anywhere in the image. 800x400 landscape banner, digital art, for ages 5-12. SCENE: The sun shines in the morning. But soon the wind blows hard. Leaves fall down from the tree."
49,2,img_day49.png,Warm and Cool,"Children's educational storybook illustration for Thai families. Warm cream background (#FFF8EF), never pure white. Soft rounded shapes, no sharp corners. Cute expressive semi-realistic characters — Thai/Southeast-Asian children, actively doing the action (speaking, pointing, reaching, playing), never posing for the camera. Gentle warm lighting. Palette: deep navy (#14204A) for outlines and dark areas, mango yellow (#FFB020) as the single eye-catching accent, coral (#FF6B5A) and mint green (#12B886) as small touches only. Large pale circles (12-16% opacity) in the background instead of patterns or gradients. ABSOLUTELY NO text, letters, words, numbers or signage anywhere in the image. 800x400 landscape banner, digital art, for ages 5-12. SCENE: Today is warm and sunny. The cool wind feels nice on Leo's face. He plays in the rain and his shoes get wet!"
50,2,img_day50.png,Day by Day,"Children's educational storybook illustration for Thai families. Warm cream background (#FFF8EF), never pure white. Soft rounded shapes, no sharp corners. Cute expressive semi-realistic characters — Thai/Southeast-Asian children, actively doing the action (speaking, pointing, reaching, playing), never posing for the camera. Gentle warm lighting. Palette: deep navy (#14204A) for outlines and dark areas, mango yellow (#FFB020) as the single eye-catching accent, coral (#FF6B5A) and mint green (#12B886) as small touches only. Large pale circles (12-16% opacity) in the background instead of patterns or gradients. ABSOLUTELY NO text, letters, words, numbers or signage anywhere in the image. 800x400 landscape banner, digital art, for ages 5-12. SCENE: Good morning, says Mimi! Today is a sunny day. She writes in her weather diary."
51,2,img_day51.png,Week 7 Weather Review!,"Children's educational storybook illustration for Thai families. Warm cream background (#FFF8EF), never pure white. Soft rounded shapes, no sharp corners. Cute expressive semi-realistic characters — Thai/Southeast-Asian children, actively doing the action (speaking, pointing, reaching, playing), never posing for the camera. Gentle warm lighting. Palette: deep navy (#14204A) for outlines and dark areas, mango yellow (#FFB020) as the single eye-catching accent, coral (#FF6B5A) and mint green (#12B886) as small touches only. Large pale circles (12-16% opacity) in the background instead of patterns or gradients. ABSOLUTELY NO text, letters, words, numbers or signage anywhere in the image. 800x400 landscape banner, digital art, for ages 5-12. SCENE: a group of cheerful children celebrating finishing a week of learning together, clapping and giving high-fives in a bright open space with balloons and paper stars"
52,2,img_day52.png,Around Town,"Children's educational storybook illustration for Thai families. Warm cream background (#FFF8EF), never pure white. Soft rounded shapes, no sharp corners. Cute expressive semi-realistic characters — Thai/Southeast-Asian children, actively doing the action (speaking, pointing, reaching, playing), never posing for the camera. Gentle warm lighting. Palette: deep navy (#14204A) for outlines and dark areas, mango yellow (#FFB020) as the single eye-catching accent, coral (#FF6B5A) and mint green (#12B886) as small touches only. Large pale circles (12-16% opacity) in the background instead of patterns or gradients. ABSOLUTELY NO text, letters, words, numbers or signage anywhere in the image. 800x400 landscape banner, digital art, for ages 5-12. SCENE: Leo and Mimi walk around town. Leo holds a map. They walk down the busy street."
53,2,img_day53.png,Big Buildings,"Children's educational storybook illustration for Thai families. Warm cream background (#FFF8EF), never pure white. Soft rounded shapes, no sharp corners. Cute expressive semi-realistic characters — Thai/Southeast-Asian children, actively doing the action (speaking, pointing, reaching, playing), never posing for the camera. Gentle warm lighting. Palette: deep navy (#14204A) for outlines and dark areas, mango yellow (#FFB020) as the single eye-catching accent, coral (#FF6B5A) and mint green (#12B886) as small touches only. Large pale circles (12-16% opacity) in the background instead of patterns or gradients. ABSOLUTELY NO text, letters, words, numbers or signage anywhere in the image. 800x400 landscape banner, digital art, for ages 5-12. SCENE: Mimi shows her friend the town. The big hospital helps sick people. They read many books at the library."
54,2,img_day54.png,Find the Way,"Children's educational storybook illustration for Thai families. Warm cream background (#FFF8EF), never pure white. Soft rounded shapes, no sharp corners. Cute expressive semi-realistic characters — Thai/Southeast-Asian children, actively doing the action (speaking, pointing, reaching, playing), never posing for the camera. Gentle warm lighting. Palette: deep navy (#14204A) for outlines and dark areas, mango yellow (#FFB020) as the single eye-catching accent, coral (#FF6B5A) and mint green (#12B886) as small touches only. Large pale circles (12-16% opacity) in the background instead of patterns or gradients. ABSOLUTELY NO text, letters, words, numbers or signage anywhere in the image. 800x400 landscape banner, digital art, for ages 5-12. SCENE: Leo makes a secret map for a game. He walks to a tall building. He crosses the long bridge."
55,2,img_day55.png,Let's Go,"Children's educational storybook illustration for Thai families. Warm cream background (#FFF8EF), never pure white. Soft rounded shapes, no sharp corners. Cute expressive semi-realistic characters — Thai/Southeast-Asian children, actively doing the action (speaking, pointing, reaching, playing), never posing for the camera. Gentle warm lighting. Palette: deep navy (#14204A) for outlines and dark areas, mango yellow (#FFB020) as the single eye-catching accent, coral (#FF6B5A) and mint green (#12B886) as small touches only. Large pale circles (12-16% opacity) in the background instead of patterns or gradients. ABSOLUTELY NO text, letters, words, numbers or signage anywhere in the image. 800x400 landscape banner, digital art, for ages 5-12. SCENE: Let us visit the zoo today! Leo and Mimi meet at the park. They cross the street with care."
56,2,img_day56.png,Near and Far,"Children's educational storybook illustration for Thai families. Warm cream background (#FFF8EF), never pure white. Soft rounded shapes, no sharp corners. Cute expressive semi-realistic characters — Thai/Southeast-Asian children, actively doing the action (speaking, pointing, reaching, playing), never posing for the camera. Gentle warm lighting. Palette: deep navy (#14204A) for outlines and dark areas, mango yellow (#FFB020) as the single eye-catching accent, coral (#FF6B5A) and mint green (#12B886) as small touches only. Large pale circles (12-16% opacity) in the background instead of patterns or gradients. ABSOLUTELY NO text, letters, words, numbers or signage anywhere in the image. 800x400 landscape banner, digital art, for ages 5-12. SCENE: Leo and Mimi play a treasure game. The park is near. The zoo is far away."
57,2,img_day57.png,People in Town,"Children's educational storybook illustration for Thai families. Warm cream background (#FFF8EF), never pure white. Soft rounded shapes, no sharp corners. Cute expressive semi-realistic characters — Thai/Southeast-Asian children, actively doing the action (speaking, pointing, reaching, playing), never posing for the camera. Gentle warm lighting. Palette: deep navy (#14204A) for outlines and dark areas, mango yellow (#FFB020) as the single eye-catching accent, coral (#FF6B5A) and mint green (#12B886) as small touches only. Large pale circles (12-16% opacity) in the background instead of patterns or gradients. ABSOLUTELY NO text, letters, words, numbers or signage anywhere in the image. 800x400 landscape banner, digital art, for ages 5-12. SCENE: Many people live in the town. A kind man helps Leo cross the road. The woman sells sweet fruit at the market."
58,2,img_day58.png,Week 8 Town Review!,"Children's educational storybook illustration for Thai families. Warm cream background (#FFF8EF), never pure white. Soft rounded shapes, no sharp corners. Cute expressive semi-realistic characters — Thai/Southeast-Asian children, actively doing the action (speaking, pointing, reaching, playing), never posing for the camera. Gentle warm lighting. Palette: deep navy (#14204A) for outlines and dark areas, mango yellow (#FFB020) as the single eye-catching accent, coral (#FF6B5A) and mint green (#12B886) as small touches only. Large pale circles (12-16% opacity) in the background instead of patterns or gradients. ABSOLUTELY NO text, letters, words, numbers or signage anywhere in the image. 800x400 landscape banner, digital art, for ages 5-12. SCENE: a group of cheerful children celebrating finishing a week of learning together, clapping and giving high-fives in a bright open space with balloons and paper stars"
59,2,img_day59.png,Things That Go,"Children's educational storybook illustration for Thai families. Warm cream background (#FFF8EF), never pure white. Soft rounded shapes, no sharp corners. Cute expressive semi-realistic characters — Thai/Southeast-Asian children, actively doing the action (speaking, pointing, reaching, playing), never posing for the camera. Gentle warm lighting. Palette: deep navy (#14204A) for outlines and dark areas, mango yellow (#FFB020) as the single eye-catching accent, coral (#FF6B5A) and mint green (#12B886) as small touches only. Large pale circles (12-16% opacity) in the background instead of patterns or gradients. ABSOLUTELY NO text, letters, words, numbers or signage anywhere in the image. 800x400 landscape banner, digital art, for ages 5-12. SCENE: Leo and Mimi sit by the road. Leo counts the red cars. A big bus goes by."
60,2,img_day60.png,Let's Travel,"Children's educational storybook illustration for Thai families. Warm cream background (#FFF8EF), never pure white. Soft rounded shapes, no sharp corners. Cute expressive semi-realistic characters — Thai/Southeast-Asian children, actively doing the action (speaking, pointing, reaching, playing), never posing for the camera. Gentle warm lighting. Palette: deep navy (#14204A) for outlines and dark areas, mango yellow (#FFB020) as the single eye-catching accent, coral (#FF6B5A) and mint green (#12B886) as small touches only. Large pale circles (12-16% opacity) in the background instead of patterns or gradients. ABSOLUTELY NO text, letters, words, numbers or signage anywhere in the image. 800x400 landscape banner, digital art, for ages 5-12. SCENE: Leo and Mimi take a big trip! They wait at the busy train station. They buy two tickets."
61,3,img_day61.png,Happy Feelings,"Children's educational storybook illustration for Thai families. Warm cream background (#FFF8EF), never pure white. Soft rounded shapes, no sharp corners. Cute expressive semi-realistic characters — Thai/Southeast-Asian children, actively doing the action (speaking, pointing, reaching, playing), never posing for the camera. Gentle warm lighting. Palette: deep navy (#14204A) for outlines and dark areas, mango yellow (#FFB020) as the single eye-catching accent, coral (#FF6B5A) and mint green (#12B886) as small touches only. Large pale circles (12-16% opacity) in the background instead of patterns or gradients. ABSOLUTELY NO text, letters, words, numbers or signage anywhere in the image. 800x400 landscape banner, digital art, for ages 5-12. SCENE: Leo feels glad today. He is proud of his big drawing. Mimi is so excited to see it!"
62,3,img_day62.png,Big Feelings,"Children's educational storybook illustration for Thai families. Warm cream background (#FFF8EF), never pure white. Soft rounded shapes, no sharp corners. Cute expressive semi-realistic characters — Thai/Southeast-Asian children, actively doing the action (speaking, pointing, reaching, playing), never posing for the camera. Gentle warm lighting. Palette: deep navy (#14204A) for outlines and dark areas, mango yellow (#FFB020) as the single eye-catching accent, coral (#FF6B5A) and mint green (#12B886) as small touches only. Large pale circles (12-16% opacity) in the background instead of patterns or gradients. ABSOLUTELY NO text, letters, words, numbers or signage anywhere in the image. 800x400 landscape banner, digital art, for ages 5-12. SCENE: Sometimes Leo feels angry. Mimi is afraid of the dark. She is worried too."
63,3,img_day63.png,"I Think, I Hope","Children's educational storybook illustration for Thai families. Warm cream background (#FFF8EF), never pure white. Soft rounded shapes, no sharp corners. Cute expressive semi-realistic characters — Thai/Southeast-Asian children, actively doing the action (speaking, pointing, reaching, playing), never posing for the camera. Gentle warm lighting. Palette: deep navy (#14204A) for outlines and dark areas, mango yellow (#FFB020) as the single eye-catching accent, coral (#FF6B5A) and mint green (#12B886) as small touches only. Large pale circles (12-16% opacity) in the background instead of patterns or gradients. ABSOLUTELY NO text, letters, words, numbers or signage anywhere in the image. 800x400 landscape banner, digital art, for ages 5-12. SCENE: Leo has a big hope. He makes a wish on a star. Mimi has a sweet dream at night."
64,3,img_day64.png,Being Kind,"Children's educational storybook illustration for Thai families. Warm cream background (#FFF8EF), never pure white. Soft rounded shapes, no sharp corners. Cute expressive semi-realistic characters — Thai/Southeast-Asian children, actively doing the action (speaking, pointing, reaching, playing), never posing for the camera. Gentle warm lighting. Palette: deep navy (#14204A) for outlines and dark areas, mango yellow (#FFB020) as the single eye-catching accent, coral (#FF6B5A) and mint green (#12B886) as small touches only. Large pale circles (12-16% opacity) in the background instead of patterns or gradients. ABSOLUTELY NO text, letters, words, numbers or signage anywhere in the image. 800x400 landscape banner, digital art, for ages 5-12. SCENE: Leo cares for his friend. He gives Mimi a warm hug. Thank you, says Mimi!"
65,3,img_day65.png,Show It!,"Children's educational storybook illustration for Thai families. Warm cream background (#FFF8EF), never pure white. Soft rounded shapes, no sharp corners. Cute expressive semi-realistic characters — Thai/Southeast-Asian children, actively doing the action (speaking, pointing, reaching, playing), never posing for the camera. Gentle warm lighting. Palette: deep navy (#14204A) for outlines and dark areas, mango yellow (#FFB020) as the single eye-catching accent, coral (#FF6B5A) and mint green (#12B886) as small touches only. Large pale circles (12-16% opacity) in the background instead of patterns or gradients. ABSOLUTELY NO text, letters, words, numbers or signage anywhere in the image. 800x400 landscape banner, digital art, for ages 5-12. SCENE: We can show our feelings! Do not shout, please. Mimi likes to whisper a secret."
66,3,img_day66.png,Feeling Great,"Children's educational storybook illustration for Thai families. Warm cream background (#FFF8EF), never pure white. Soft rounded shapes, no sharp corners. Cute expressive semi-realistic characters — Thai/Southeast-Asian children, actively doing the action (speaking, pointing, reaching, playing), never posing for the camera. Gentle warm lighting. Palette: deep navy (#14204A) for outlines and dark areas, mango yellow (#FFB020) as the single eye-catching accent, coral (#FF6B5A) and mint green (#12B886) as small touches only. Large pale circles (12-16% opacity) in the background instead of patterns or gradients. ABSOLUTELY NO text, letters, words, numbers or signage anywhere in the image. 800x400 landscape banner, digital art, for ages 5-12. SCENE: Leo feels safe at home. I am sure we can do it, says Mimi. Look, the bird is free in the sky!"
67,3,img_day67.png,Week 9 Feelings Review!,"Children's educational storybook illustration for Thai families. Warm cream background (#FFF8EF), never pure white. Soft rounded shapes, no sharp corners. Cute expressive semi-realistic characters — Thai/Southeast-Asian children, actively doing the action (speaking, pointing, reaching, playing), never posing for the camera. Gentle warm lighting. Palette: deep navy (#14204A) for outlines and dark areas, mango yellow (#FFB020) as the single eye-catching accent, coral (#FF6B5A) and mint green (#12B886) as small touches only. Large pale circles (12-16% opacity) in the background instead of patterns or gradients. ABSOLUTELY NO text, letters, words, numbers or signage anywhere in the image. 800x400 landscape banner, digital art, for ages 5-12. SCENE: a group of cheerful children celebrating finishing a week of learning together, clapping and giving high-fives in a bright open space with balloons and paper stars"
68,3,img_day68.png,Wake Up!,"Children's educational storybook illustration for Thai families. Warm cream background (#FFF8EF), never pure white. Soft rounded shapes, no sharp corners. Cute expressive semi-realistic characters — Thai/Southeast-Asian children, actively doing the action (speaking, pointing, reaching, playing), never posing for the camera. Gentle warm lighting. Palette: deep navy (#14204A) for outlines and dark areas, mango yellow (#FFB020) as the single eye-catching accent, coral (#FF6B5A) and mint green (#12B886) as small touches only. Large pale circles (12-16% opacity) in the background instead of patterns or gradients. ABSOLUTELY NO text, letters, words, numbers or signage anywhere in the image. 800x400 landscape banner, digital art, for ages 5-12. SCENE: The sun is up. Leo wakes up early. He gives a big yawn."
69,3,img_day69.png,School Time,"Children's educational storybook illustration for Thai families. Warm cream background (#FFF8EF), never pure white. Soft rounded shapes, no sharp corners. Cute expressive semi-realistic characters — Thai/Southeast-Asian children, actively doing the action (speaking, pointing, reaching, playing), never posing for the camera. Gentle warm lighting. Palette: deep navy (#14204A) for outlines and dark areas, mango yellow (#FFB020) as the single eye-catching accent, coral (#FF6B5A) and mint green (#12B886) as small touches only. Large pale circles (12-16% opacity) in the background instead of patterns or gradients. ABSOLUTELY NO text, letters, words, numbers or signage anywhere in the image. 800x400 landscape banner, digital art, for ages 5-12. SCENE: Ring! The school bell rings. Leo has a fun lesson today."
70,3,img_day70.png,In the Evening,"Children's educational storybook illustration for Thai families. Warm cream background (#FFF8EF), never pure white. Soft rounded shapes, no sharp corners. Cute expressive semi-realistic characters — Thai/Southeast-Asian children, actively doing the action (speaking, pointing, reaching, playing), never posing for the camera. Gentle warm lighting. Palette: deep navy (#14204A) for outlines and dark areas, mango yellow (#FFB020) as the single eye-catching accent, coral (#FF6B5A) and mint green (#12B886) as small touches only. Large pale circles (12-16% opacity) in the background instead of patterns or gradients. ABSOLUTELY NO text, letters, words, numbers or signage anywhere in the image. 800x400 landscape banner, digital art, for ages 5-12. SCENE: In the evening Leo rests. He likes to relax on the sofa. Then he takes a warm bath."
71,3,img_day71.png,Telling Time,"Children's educational storybook illustration for Thai families. Warm cream background (#FFF8EF), never pure white. Soft rounded shapes, no sharp corners. Cute expressive semi-realistic characters — Thai/Southeast-Asian children, actively doing the action (speaking, pointing, reaching, playing), never posing for the camera. Gentle warm lighting. Palette: deep navy (#14204A) for outlines and dark areas, mango yellow (#FFB020) as the single eye-catching accent, coral (#FF6B5A) and mint green (#12B886) as small touches only. Large pale circles (12-16% opacity) in the background instead of patterns or gradients. ABSOLUTELY NO text, letters, words, numbers or signage anywhere in the image. 800x400 landscape banner, digital art, for ages 5-12. SCENE: Look at the big clock! One hour has sixty minutes. Leo wakes up early in the morning."
72,3,img_day72.png,Days and Months,"Children's educational storybook illustration for Thai families. Warm cream background (#FFF8EF), never pure white. Soft rounded shapes, no sharp corners. Cute expressive semi-realistic characters — Thai/Southeast-Asian children, actively doing the action (speaking, pointing, reaching, playing), never posing for the camera. Gentle warm lighting. Palette: deep navy (#14204A) for outlines and dark areas, mango yellow (#FFB020) as the single eye-catching accent, coral (#FF6B5A) and mint green (#12B886) as small touches only. Large pale circles (12-16% opacity) in the background instead of patterns or gradients. ABSOLUTELY NO text, letters, words, numbers or signage anywhere in the image. 800x400 landscape banner, digital art, for ages 5-12. SCENE: School starts on Monday. Friday is the last day of school. Leo loves the weekend!"
73,3,img_day73.png,Special Days,"Children's educational storybook illustration for Thai families. Warm cream background (#FFF8EF), never pure white. Soft rounded shapes, no sharp corners. Cute expressive semi-realistic characters — Thai/Southeast-Asian children, actively doing the action (speaking, pointing, reaching, playing), never posing for the camera. Gentle warm lighting. Palette: deep navy (#14204A) for outlines and dark areas, mango yellow (#FFB020) as the single eye-catching accent, coral (#FF6B5A) and mint green (#12B886) as small touches only. Large pale circles (12-16% opacity) in the background instead of patterns or gradients. ABSOLUTELY NO text, letters, words, numbers or signage anywhere in the image. 800x400 landscape banner, digital art, for ages 5-12. SCENE: Today is Leo's birthday! There is a big party at his house. Tomorrow is a holiday, so everyone can come."
74,3,img_day74.png,Week 10 Routine Review!,"Children's educational storybook illustration for Thai families. Warm cream background (#FFF8EF), never pure white. Soft rounded shapes, no sharp corners. Cute expressive semi-realistic characters — Thai/Southeast-Asian children, actively doing the action (speaking, pointing, reaching, playing), never posing for the camera. Gentle warm lighting. Palette: deep navy (#14204A) for outlines and dark areas, mango yellow (#FFB020) as the single eye-catching accent, coral (#FF6B5A) and mint green (#12B886) as small touches only. Large pale circles (12-16% opacity) in the background instead of patterns or gradients. ABSOLUTELY NO text, letters, words, numbers or signage anywhere in the image. 800x400 landscape banner, digital art, for ages 5-12. SCENE: a group of cheerful children celebrating finishing a week of learning together, clapping and giving high-fives in a bright open space with balloons and paper stars"
75,3,img_day75.png,Let's Play Sport,"Children's educational storybook illustration for Thai families. Warm cream background (#FFF8EF), never pure white. Soft rounded shapes, no sharp corners. Cute expressive semi-realistic characters — Thai/Southeast-Asian children, actively doing the action (speaking, pointing, reaching, playing), never posing for the camera. Gentle warm lighting. Palette: deep navy (#14204A) for outlines and dark areas, mango yellow (#FFB020) as the single eye-catching accent, coral (#FF6B5A) and mint green (#12B886) as small touches only. Large pale circles (12-16% opacity) in the background instead of patterns or gradients. ABSOLUTELY NO text, letters, words, numbers or signage anywhere in the image. 800x400 landscape banner, digital art, for ages 5-12. SCENE: Leo loves sport! He can kick the ball high. Mimi throws it far."
76,3,img_day76.png,Ball Games,"Children's educational storybook illustration for Thai families. Warm cream background (#FFF8EF), never pure white. Soft rounded shapes, no sharp corners. Cute expressive semi-realistic characters — Thai/Southeast-Asian children, actively doing the action (speaking, pointing, reaching, playing), never posing for the camera. Gentle warm lighting. Palette: deep navy (#14204A) for outlines and dark areas, mango yellow (#FFB020) as the single eye-catching accent, coral (#FF6B5A) and mint green (#12B886) as small touches only. Large pale circles (12-16% opacity) in the background instead of patterns or gradients. ABSOLUTELY NO text, letters, words, numbers or signage anywhere in the image. 800x400 landscape banner, digital art, for ages 5-12. SCENE: Leo kicks the ball. Goal! He gets a high score."
77,3,img_day77.png,Make Music,"Children's educational storybook illustration for Thai families. Warm cream background (#FFF8EF), never pure white. Soft rounded shapes, no sharp corners. Cute expressive semi-realistic characters — Thai/Southeast-Asian children, actively doing the action (speaking, pointing, reaching, playing), never posing for the camera. Gentle warm lighting. Palette: deep navy (#14204A) for outlines and dark areas, mango yellow (#FFB020) as the single eye-catching accent, coral (#FF6B5A) and mint green (#12B886) as small touches only. Large pale circles (12-16% opacity) in the background instead of patterns or gradients. ABSOLUTELY NO text, letters, words, numbers or signage anywhere in the image. 800x400 landscape banner, digital art, for ages 5-12. SCENE: Leo loves music! Mimi can sing a happy song. Leo plays the drum, boom boom!"
78,3,img_day78.png,Art and Craft,"Children's educational storybook illustration for Thai families. Warm cream background (#FFF8EF), never pure white. Soft rounded shapes, no sharp corners. Cute expressive semi-realistic characters — Thai/Southeast-Asian children, actively doing the action (speaking, pointing, reaching, playing), never posing for the camera. Gentle warm lighting. Palette: deep navy (#14204A) for outlines and dark areas, mango yellow (#FFB020) as the single eye-catching accent, coral (#FF6B5A) and mint green (#12B886) as small touches only. Large pale circles (12-16% opacity) in the background instead of patterns or gradients. ABSOLUTELY NO text, letters, words, numbers or signage anywhere in the image. 800x400 landscape banner, digital art, for ages 5-12. SCENE: Leo likes to paint bright colors. He uses glue and paper. Mimi can cut and fold to make a bird."
79,3,img_day79.png,Fun and Games,"Children's educational storybook illustration for Thai families. Warm cream background (#FFF8EF), never pure white. Soft rounded shapes, no sharp corners. Cute expressive semi-realistic characters — Thai/Southeast-Asian children, actively doing the action (speaking, pointing, reaching, playing), never posing for the camera. Gentle warm lighting. Palette: deep navy (#14204A) for outlines and dark areas, mango yellow (#FFB020) as the single eye-catching accent, coral (#FF6B5A) and mint green (#12B886) as small touches only. Large pale circles (12-16% opacity) in the background instead of patterns or gradients. ABSOLUTELY NO text, letters, words, numbers or signage anywhere in the image. 800x400 landscape banner, digital art, for ages 5-12. SCENE: Everyone has a hobby. Mimi does a big puzzle. Leo flies a red kite in the wind."
80,3,img_day80.png,Story and Magic,"Children's educational storybook illustration for Thai families. Warm cream background (#FFF8EF), never pure white. Soft rounded shapes, no sharp corners. Cute expressive semi-realistic characters — Thai/Southeast-Asian children, actively doing the action (speaking, pointing, reaching, playing), never posing for the camera. Gentle warm lighting. Palette: deep navy (#14204A) for outlines and dark areas, mango yellow (#FFB020) as the single eye-catching accent, coral (#FF6B5A) and mint green (#12B886) as small touches only. Large pale circles (12-16% opacity) in the background instead of patterns or gradients. ABSOLUTELY NO text, letters, words, numbers or signage anywhere in the image. 800x400 landscape banner, digital art, for ages 5-12. SCENE: Leo reads a funny comic. Mimi asks a tricky riddle. Can you guess?"
81,3,img_day81.png,Week 11 Hobbies Review!,"Children's educational storybook illustration for Thai families. Warm cream background (#FFF8EF), never pure white. Soft rounded shapes, no sharp corners. Cute expressive semi-realistic characters — Thai/Southeast-Asian children, actively doing the action (speaking, pointing, reaching, playing), never posing for the camera. Gentle warm lighting. Palette: deep navy (#14204A) for outlines and dark areas, mango yellow (#FFB020) as the single eye-catching accent, coral (#FF6B5A) and mint green (#12B886) as small touches only. Large pale circles (12-16% opacity) in the background instead of patterns or gradients. ABSOLUTELY NO text, letters, words, numbers or signage anywhere in the image. 800x400 landscape banner, digital art, for ages 5-12. SCENE: a group of cheerful children celebrating finishing a week of learning together, clapping and giving high-fives in a bright open space with balloons and paper stars"
82,3,img_day82.png,People Who Help,"Children's educational storybook illustration for Thai families. Warm cream background (#FFF8EF), never pure white. Soft rounded shapes, no sharp corners. Cute expressive semi-realistic characters — Thai/Southeast-Asian children, actively doing the action (speaking, pointing, reaching, playing), never posing for the camera. Gentle warm lighting. Palette: deep navy (#14204A) for outlines and dark areas, mango yellow (#FFB020) as the single eye-catching accent, coral (#FF6B5A) and mint green (#12B886) as small touches only. Large pale circles (12-16% opacity) in the background instead of patterns or gradients. ABSOLUTELY NO text, letters, words, numbers or signage anywhere in the image. 800x400 landscape banner, digital art, for ages 5-12. SCENE: Many people help us every day. The doctor helps us feel well. The nurse is kind and gentle."
83,3,img_day83.png,More Jobs,"Children's educational storybook illustration for Thai families. Warm cream background (#FFF8EF), never pure white. Soft rounded shapes, no sharp corners. Cute expressive semi-realistic characters — Thai/Southeast-Asian children, actively doing the action (speaking, pointing, reaching, playing), never posing for the camera. Gentle warm lighting. Palette: deep navy (#14204A) for outlines and dark areas, mango yellow (#FFB020) as the single eye-catching accent, coral (#FF6B5A) and mint green (#12B886) as small touches only. Large pale circles (12-16% opacity) in the background instead of patterns or gradients. ABSOLUTELY NO text, letters, words, numbers or signage anywhere in the image. 800x400 landscape banner, digital art, for ages 5-12. SCENE: So many jobs to do! The baker makes fresh bread. The dancer moves so well."
84,3,img_day84.png,At Work,"Children's educational storybook illustration for Thai families. Warm cream background (#FFF8EF), never pure white. Soft rounded shapes, no sharp corners. Cute expressive semi-realistic characters — Thai/Southeast-Asian children, actively doing the action (speaking, pointing, reaching, playing), never posing for the camera. Gentle warm lighting. Palette: deep navy (#14204A) for outlines and dark areas, mango yellow (#FFB020) as the single eye-catching accent, coral (#FF6B5A) and mint green (#12B886) as small touches only. Large pale circles (12-16% opacity) in the background instead of patterns or gradients. ABSOLUTELY NO text, letters, words, numbers or signage anywhere in the image. 800x400 landscape banner, digital art, for ages 5-12. SCENE: Dad has a good job. He works in a big office. To fix things, we need the right tool."
85,3,img_day85.png,Places in Town,"Children's educational storybook illustration for Thai families. Warm cream background (#FFF8EF), never pure white. Soft rounded shapes, no sharp corners. Cute expressive semi-realistic characters — Thai/Southeast-Asian children, actively doing the action (speaking, pointing, reaching, playing), never posing for the camera. Gentle warm lighting. Palette: deep navy (#14204A) for outlines and dark areas, mango yellow (#FFB020) as the single eye-catching accent, coral (#FF6B5A) and mint green (#12B886) as small touches only. Large pale circles (12-16% opacity) in the background instead of patterns or gradients. ABSOLUTELY NO text, letters, words, numbers or signage anywhere in the image. 800x400 landscape banner, digital art, for ages 5-12. SCENE: There are many places in town. Planes fly from the airport. We see old things at the museum."
86,3,img_day86.png,Money and Shopping,"Children's educational storybook illustration for Thai families. Warm cream background (#FFF8EF), never pure white. Soft rounded shapes, no sharp corners. Cute expressive semi-realistic characters — Thai/Southeast-Asian children, actively doing the action (speaking, pointing, reaching, playing), never posing for the camera. Gentle warm lighting. Palette: deep navy (#14204A) for outlines and dark areas, mango yellow (#FFB020) as the single eye-catching accent, coral (#FF6B5A) and mint green (#12B886) as small touches only. Large pale circles (12-16% opacity) in the background instead of patterns or gradients. ABSOLUTELY NO text, letters, words, numbers or signage anywhere in the image. 800x400 landscape banner, digital art, for ages 5-12. SCENE: Leo has a shiny coin. He goes to the shop. What is the price?"
87,3,img_day87.png,Our World,"Children's educational storybook illustration for Thai families. Warm cream background (#FFF8EF), never pure white. Soft rounded shapes, no sharp corners. Cute expressive semi-realistic characters — Thai/Southeast-Asian children, actively doing the action (speaking, pointing, reaching, playing), never posing for the camera. Gentle warm lighting. Palette: deep navy (#14204A) for outlines and dark areas, mango yellow (#FFB020) as the single eye-catching accent, coral (#FF6B5A) and mint green (#12B886) as small touches only. Large pale circles (12-16% opacity) in the background instead of patterns or gradients. ABSOLUTELY NO text, letters, words, numbers or signage anywhere in the image. 800x400 landscape banner, digital art, for ages 5-12. SCENE: We all live in one world. Each country has its own flag. The Earth is our big home."
88,3,img_day88.png,Week 12 Jobs Review!,"Children's educational storybook illustration for Thai families. Warm cream background (#FFF8EF), never pure white. Soft rounded shapes, no sharp corners. Cute expressive semi-realistic characters — Thai/Southeast-Asian children, actively doing the action (speaking, pointing, reaching, playing), never posing for the camera. Gentle warm lighting. Palette: deep navy (#14204A) for outlines and dark areas, mango yellow (#FFB020) as the single eye-catching accent, coral (#FF6B5A) and mint green (#12B886) as small touches only. Large pale circles (12-16% opacity) in the background instead of patterns or gradients. ABSOLUTELY NO text, letters, words, numbers or signage anywhere in the image. 800x400 landscape banner, digital art, for ages 5-12. SCENE: a group of cheerful children celebrating finishing a week of learning together, clapping and giving high-fives in a bright open space with balloons and paper stars"
89,3,img_day89.png,Big Wide World,"Children's educational storybook illustration for Thai families. Warm cream background (#FFF8EF), never pure white. Soft rounded shapes, no sharp corners. Cute expressive semi-realistic characters — Thai/Southeast-Asian children, actively doing the action (speaking, pointing, reaching, playing), never posing for the camera. Gentle warm lighting. Palette: deep navy (#14204A) for outlines and dark areas, mango yellow (#FFB020) as the single eye-catching accent, coral (#FF6B5A) and mint green (#12B886) as small touches only. Large pale circles (12-16% opacity) in the background instead of patterns or gradients. ABSOLUTELY NO text, letters, words, numbers or signage anywhere in the image. 800x400 landscape banner, digital art, for ages 5-12. SCENE: The world is big and wide! The sun rises in the east. It sets in the west."
90,3,img_day90.png,A New Journey,"Children's educational storybook illustration for Thai families. Warm cream background (#FFF8EF), never pure white. Soft rounded shapes, no sharp corners. Cute expressive semi-realistic characters — Thai/Southeast-Asian children, actively doing the action (speaking, pointing, reaching, playing), never posing for the camera. Gentle warm lighting. Palette: deep navy (#14204A) for outlines and dark areas, mango yellow (#FFB020) as the single eye-catching accent, coral (#FF6B5A) and mint green (#12B886) as small touches only. Large pale circles (12-16% opacity) in the background instead of patterns or gradients. ABSOLUTELY NO text, letters, words, numbers or signage anywhere in the image. 800x400 landscape banner, digital art, for ages 5-12. SCENE: Leo and Mimi stand on a green hill. What a long journey! says Leo."
91,4,img_day91.png,Getting Ready,"Children's educational storybook illustration for Thai families. Warm cream background (#FFF8EF), never pure white. Soft rounded shapes, no sharp corners. Cute expressive semi-realistic characters — Thai/Southeast-Asian children, actively doing the action (speaking, pointing, reaching, playing), never posing for the camera. Gentle warm lighting. Palette: deep navy (#14204A) for outlines and dark areas, mango yellow (#FFB020) as the single eye-catching accent, coral (#FF6B5A) and mint green (#12B886) as small touches only. Large pale circles (12-16% opacity) in the background instead of patterns or gradients. ABSOLUTELY NO text, letters, words, numbers or signage anywhere in the image. 800x400 landscape banner, digital art, for ages 5-12. SCENE: The three friends were excited for their adventure. Leo packed his backpack with a snack and a torch. Mimi put her camera in her suitcase."
92,4,img_day92.png,On the Way,"Children's educational storybook illustration for Thai families. Warm cream background (#FFF8EF), never pure white. Soft rounded shapes, no sharp corners. Cute expressive semi-realistic characters — Thai/Southeast-Asian children, actively doing the action (speaking, pointing, reaching, playing), never posing for the camera. Gentle warm lighting. Palette: deep navy (#14204A) for outlines and dark areas, mango yellow (#FFB020) as the single eye-catching accent, coral (#FF6B5A) and mint green (#12B886) as small touches only. Large pale circles (12-16% opacity) in the background instead of patterns or gradients. ABSOLUTELY NO text, letters, words, numbers or signage anywhere in the image. 800x400 landscape banner, digital art, for ages 5-12. SCENE: The friends took a ferry across the lake. Leo found a seat by the window. Look at the big engine!"
93,4,img_day93.png,In the Forest,"Children's educational storybook illustration for Thai families. Warm cream background (#FFF8EF), never pure white. Soft rounded shapes, no sharp corners. Cute expressive semi-realistic characters — Thai/Southeast-Asian children, actively doing the action (speaking, pointing, reaching, playing), never posing for the camera. Gentle warm lighting. Palette: deep navy (#14204A) for outlines and dark areas, mango yellow (#FFB020) as the single eye-catching accent, coral (#FF6B5A) and mint green (#12B886) as small touches only. Large pale circles (12-16% opacity) in the background instead of patterns or gradients. ABSOLUTELY NO text, letters, words, numbers or signage anywhere in the image. 800x400 landscape banner, digital art, for ages 5-12. SCENE: They walked into the green forest. A small trail went up a tall hill. From the top, they saw a wide valley."
94,4,img_day94.png,Animals We See,"Children's educational storybook illustration for Thai families. Warm cream background (#FFF8EF), never pure white. Soft rounded shapes, no sharp corners. Cute expressive semi-realistic characters — Thai/Southeast-Asian children, actively doing the action (speaking, pointing, reaching, playing), never posing for the camera. Gentle warm lighting. Palette: deep navy (#14204A) for outlines and dark areas, mango yellow (#FFB020) as the single eye-catching accent, coral (#FF6B5A) and mint green (#12B886) as small touches only. Large pale circles (12-16% opacity) in the background instead of patterns or gradients. ABSOLUTELY NO text, letters, words, numbers or signage anywhere in the image. 800x400 landscape banner, digital art, for ages 5-12. SCENE: In the forest, they met a park ranger. She was their guide. Look, a squirrel!"
95,4,img_day95.png,Picnic Lunch,"Children's educational storybook illustration for Thai families. Warm cream background (#FFF8EF), never pure white. Soft rounded shapes, no sharp corners. Cute expressive semi-realistic characters — Thai/Southeast-Asian children, actively doing the action (speaking, pointing, reaching, playing), never posing for the camera. Gentle warm lighting. Palette: deep navy (#14204A) for outlines and dark areas, mango yellow (#FFB020) as the single eye-catching accent, coral (#FF6B5A) and mint green (#12B886) as small touches only. Large pale circles (12-16% opacity) in the background instead of patterns or gradients. ABSOLUTELY NO text, letters, words, numbers or signage anywhere in the image. 800x400 landscape banner, digital art, for ages 5-12. SCENE: It was time for a picnic! Mimi opened the basket. Leo made a sandwich for everyone."
96,4,img_day96.png,Evening and Home,"Children's educational storybook illustration for Thai families. Warm cream background (#FFF8EF), never pure white. Soft rounded shapes, no sharp corners. Cute expressive semi-realistic characters — Thai/Southeast-Asian children, actively doing the action (speaking, pointing, reaching, playing), never posing for the camera. Gentle warm lighting. Palette: deep navy (#14204A) for outlines and dark areas, mango yellow (#FFB020) as the single eye-catching accent, coral (#FF6B5A) and mint green (#12B886) as small touches only. Large pale circles (12-16% opacity) in the background instead of patterns or gradients. ABSOLUTELY NO text, letters, words, numbers or signage anywhere in the image. 800x400 landscape banner, digital art, for ages 5-12. SCENE: In the evening, they made a campfire near the lake. They sat by the warm tent. The sunset was orange and pink."
97,4,img_day97.png,Week 17 A Day Out Review!,"Children's educational storybook illustration for Thai families. Warm cream background (#FFF8EF), never pure white. Soft rounded shapes, no sharp corners. Cute expressive semi-realistic characters — Thai/Southeast-Asian children, actively doing the action (speaking, pointing, reaching, playing), never posing for the camera. Gentle warm lighting. Palette: deep navy (#14204A) for outlines and dark areas, mango yellow (#FFB020) as the single eye-catching accent, coral (#FF6B5A) and mint green (#12B886) as small touches only. Large pale circles (12-16% opacity) in the background instead of patterns or gradients. ABSOLUTELY NO text, letters, words, numbers or signage anywhere in the image. 800x400 landscape banner, digital art, for ages 5-12. SCENE: a group of cheerful children celebrating finishing a week of learning together, clapping and giving high-fives in a bright open space with balloons and paper stars"
98,4,img_day98.png,A New Friend,"Children's educational storybook illustration for Thai families. Warm cream background (#FFF8EF), never pure white. Soft rounded shapes, no sharp corners. Cute expressive semi-realistic characters — Thai/Southeast-Asian children, actively doing the action (speaking, pointing, reaching, playing), never posing for the camera. Gentle warm lighting. Palette: deep navy (#14204A) for outlines and dark areas, mango yellow (#FFB020) as the single eye-catching accent, coral (#FF6B5A) and mint green (#12B886) as small touches only. Large pale circles (12-16% opacity) in the background instead of patterns or gradients. ABSOLUTELY NO text, letters, words, numbers or signage anywhere in the image. 800x400 landscape banner, digital art, for ages 5-12. SCENE: A new boy came to school. He looked shy and nervous. Leo walked over and greeted him with a smile."
99,4,img_day99.png,Sharing is Caring,"Children's educational storybook illustration for Thai families. Warm cream background (#FFF8EF), never pure white. Soft rounded shapes, no sharp corners. Cute expressive semi-realistic characters — Thai/Southeast-Asian children, actively doing the action (speaking, pointing, reaching, playing), never posing for the camera. Gentle warm lighting. Palette: deep navy (#14204A) for outlines and dark areas, mango yellow (#FFB020) as the single eye-catching accent, coral (#FF6B5A) and mint green (#12B886) as small touches only. Large pale circles (12-16% opacity) in the background instead of patterns or gradients. ABSOLUTELY NO text, letters, words, numbers or signage anywhere in the image. 800x400 landscape banner, digital art, for ages 5-12. SCENE: Ben had only one cake. He gave half to Mimi. That was very generous!"
100,4,img_day100.png,Saying Sorry,"Children's educational storybook illustration for Thai families. Warm cream background (#FFF8EF), never pure white. Soft rounded shapes, no sharp corners. Cute expressive semi-realistic characters — Thai/Southeast-Asian children, actively doing the action (speaking, pointing, reaching, playing), never posing for the camera. Gentle warm lighting. Palette: deep navy (#14204A) for outlines and dark areas, mango yellow (#FFB020) as the single eye-catching accent, coral (#FF6B5A) and mint green (#12B886) as small touches only. Large pale circles (12-16% opacity) in the background instead of patterns or gradients. ABSOLUTELY NO text, letters, words, numbers or signage anywhere in the image. 800x400 landscape banner, digital art, for ages 5-12. SCENE: Leo and Ben began to argue about a game. It turned into a quarrel. Ben broke Leo's pencil by mistake."
101,4,img_day101.png,Best Friends,"Children's educational storybook illustration for Thai families. Warm cream background (#FFF8EF), never pure white. Soft rounded shapes, no sharp corners. Cute expressive semi-realistic characters — Thai/Southeast-Asian children, actively doing the action (speaking, pointing, reaching, playing), never posing for the camera. Gentle warm lighting. Palette: deep navy (#14204A) for outlines and dark areas, mango yellow (#FFB020) as the single eye-catching accent, coral (#FF6B5A) and mint green (#12B886) as small touches only. Large pale circles (12-16% opacity) in the background instead of patterns or gradients. ABSOLUTELY NO text, letters, words, numbers or signage anywhere in the image. 800x400 landscape banner, digital art, for ages 5-12. SCENE: Mimi told Leo a secret. She knew she could trust him. Leo kept the promise and told nobody."
102,4,img_day102.png,Helping Others,"Children's educational storybook illustration for Thai families. Warm cream background (#FFF8EF), never pure white. Soft rounded shapes, no sharp corners. Cute expressive semi-realistic characters — Thai/Southeast-Asian children, actively doing the action (speaking, pointing, reaching, playing), never posing for the camera. Gentle warm lighting. Palette: deep navy (#14204A) for outlines and dark areas, mango yellow (#FFB020) as the single eye-catching accent, coral (#FF6B5A) and mint green (#12B886) as small touches only. Large pale circles (12-16% opacity) in the background instead of patterns or gradients. ABSOLUTELY NO text, letters, words, numbers or signage anywhere in the image. 800x400 landscape banner, digital art, for ages 5-12. SCENE: Ben could not finish his homework. Leo helped him and gave good advice. Do not worry, we will support you!"
103,4,img_day103.png,Kind Words,"Children's educational storybook illustration for Thai families. Warm cream background (#FFF8EF), never pure white. Soft rounded shapes, no sharp corners. Cute expressive semi-realistic characters — Thai/Southeast-Asian children, actively doing the action (speaking, pointing, reaching, playing), never posing for the camera. Gentle warm lighting. Palette: deep navy (#14204A) for outlines and dark areas, mango yellow (#FFB020) as the single eye-catching accent, coral (#FF6B5A) and mint green (#12B886) as small touches only. Large pale circles (12-16% opacity) in the background instead of patterns or gradients. ABSOLUTELY NO text, letters, words, numbers or signage anywhere in the image. 800x400 landscape banner, digital art, for ages 5-12. SCENE: Mimi gave Ben a nice compliment about his drawing. Never tease your friends in a mean way, she said. Leo is a good listener."
104,4,img_day104.png,Week 18 Friends Review!,"Children's educational storybook illustration for Thai families. Warm cream background (#FFF8EF), never pure white. Soft rounded shapes, no sharp corners. Cute expressive semi-realistic characters — Thai/Southeast-Asian children, actively doing the action (speaking, pointing, reaching, playing), never posing for the camera. Gentle warm lighting. Palette: deep navy (#14204A) for outlines and dark areas, mango yellow (#FFB020) as the single eye-catching accent, coral (#FF6B5A) and mint green (#12B886) as small touches only. Large pale circles (12-16% opacity) in the background instead of patterns or gradients. ABSOLUTELY NO text, letters, words, numbers or signage anywhere in the image. 800x400 landscape banner, digital art, for ages 5-12. SCENE: a group of cheerful children celebrating finishing a week of learning together, clapping and giving high-fives in a bright open space with balloons and paper stars"
