day,filename_ควรตั้ง
1,img_day1.png
6,img_day6.png
7,img_day7.png
8,img_day8.png
9,img_day9.png
10,img_day10.png
11,img_day11.png
12,img_day12.png
13,img_day13.png
14,img_day14.png
15,img_day15.png
16,img_day16.png
17,img_day17.png
18,img_day18.png
19,img_day19.png
20,img_day20.png
21,img_day21.png
22,img_day22.png
23,img_day23.png
24,img_day24.png
25,img_day25.png
26,img_day26.png
27,img_day27.png
28,img_day28.png
29,img_day29.png
30,img_day30.png
31,img_day31.png
32,img_day32.png
33,img_day33.png
34,img_day34.png
35,img_day35.png
36,img_day36.png
37,img_day37.png
38,img_day38.png
39,img_day39.png
40,img_day40.png
41,img_day41.png
42,img_day42.png
43,img_day43.png
44,img_day44.png
45,img_day45.png
46,img_day46.png
47,img_day47.png
48,img_day48.png
49,img_day49.png
50,img_day50.png
51,img_day51.png
52,img_day52.png
53,img_day53.png
54,img_day54.png
55,img_day55.png
56,img_day56.png
57,img_day57.png
58,img_day58.png
59,img_day59.png
60,img_day60.png
61,img_day61.png
62,img_day62.png
63,img_day63.png
64,img_day64.png
65,img_day65.png
66,img_day66.png
67,img_day67.png
68,img_day68.png
69,img_day69.png
70,img_day70.png
71,img_day71.png
72,img_day72.png
73,img_day73.png
74,img_day74.png
75,img_day75.png
76,img_day76.png
77,img_day77.png
78,img_day78.png
79,img_day79.png
80,img_day80.png
81,img_day81.png
82,img_day82.png
83,img_day83.png
84,img_day84.png
85,img_day85.png
86,img_day86.png
87,img_day87.png
88,img_day88.png
89,img_day89.png
90,img_day90.png
91,img_day91.png
92,img_day92.png
93,img_day93.png
94,img_day94.png
95,img_day95.png
96,img_day96.png
97,img_day97.png
98,img_day98.png
99,img_day99.png
100,img_day100.png
101,img_day101.png
102,img_day102.png
103,img_day103.png
104,img_day104.png
105,img_day105.png
106,img_day106.png
107,img_day107.png
108,img_day108.png
109,img_day109.png
110,img_day110.png
111,img_day111.png
112,img_day112.png
113,img_day113.png
114,img_day114.png
115,img_day115.png
116,img_day116.png
117,img_day117.png
118,img_day118.png
119,img_day119.png
120,img_day120.png
121,img_day121.png
122,img_day122.png
123,img_day123.png
124,img_day124.png
125,img_day125.png
126,img_day126.png
127,img_day127.png
128,img_day128.png
129,img_day129.png
130,img_day130.png
131,img_day131.png
132,img_day132.png
133,img_day133.png
134,img_day134.png
135,img_day135.png
136,img_day136.png
137,img_day137.png
138,img_day138.png
139,img_day139.png
140,img_day140.png
141,img_day141.png
142,img_day142.png
143,img_day143.png
144,img_day144.png
145,img_day145.png
146,img_day146.png
147,img_day147.png
148,img_day148.png
149,img_day149.png
150,img_day150.png
151,img_day151.png
152,img_day152.png
153,img_day153.png
154,img_day154.png
155,img_day155.png
156,img_day156.png
157,img_day157.png
158,img_day158.png
159,img_day159.png
160,img_day160.png
161,img_day161.png
162,img_day162.png
163,img_day163.png
164,img_day164.png
165,img_day165.png
166,img_day166.png
167,img_day167.png
168,img_day168.png
169,img_day169.png
170,img_day170.png
171,img_day171.png
172,img_day172.png
173,img_day173.png
174,img_day174.png
175,img_day175.png
176,img_day176.png
177,img_day177.png
178,img_day178.png
179,img_day179.png
180,img_day180.png
181,img_day181.png
182,img_day182.png
183,img_day183.png
184,img_day184.png
185,img_day185.png
186,img_day186.png
187,img_day187.png
188,img_day188.png
189,img_day189.png
190,img_day190.png
191,img_day191.png
192,img_day192.png
193,img_day193.png
194,img_day194.png
195,img_day195.png
196,img_day196.png
197,img_day197.png
198,img_day198.png
199,img_day199.png
200,img_day200.png
201,img_day201.png
202,img_day202.png
203,img_day203.png
204,img_day204.png
205,img_day205.png
206,img_day206.png
207,img_day207.png
208,img_day208.png
209,img_day209.png
210,img_day210.png
211,img_day211.png
212,img_day212.png
213,img_day213.png
214,img_day214.png
215,img_day215.png
216,img_day216.png
217,img_day217.png
218,img_day218.png
219,img_day219.png
220,img_day220.png
221,img_day221.png
222,img_day222.png
223,img_day223.png
224,img_day224.png
225,img_day225.png
226,img_day226.png
227,img_day227.png
228,img_day228.png
229,img_day229.png
230,img_day230.png
231,img_day231.png
232,img_day232.png
233,img_day233.png
234,img_day234.png
235,img_day235.png
236,img_day236.png
237,img_day237.png
238,img_day238.png
239,img_day239.png
240,img_day240.png
241,img_day241.png
242,img_day242.png
243,img_day243.png
244,img_day244.png
245,img_day245.png
246,img_day246.png
247,img_day247.png
248,img_day248.png
249,img_day249.png
250,img_day250.png
251,img_day251.png
252,img_day252.png
253,img_day253.png
254,img_day254.png
255,img_day255.png
256,img_day256.png
257,img_day257.png
258,img_day258.png
259,img_day259.png
260,img_day260.png
261,img_day261.png
262,img_day262.png
263,img_day263.png
264,img_day264.png
265,img_day265.png
266,img_day266.png
267,img_day267.png
268,img_day268.png
269,img_day269.png
270,img_day270.png
271,img_day271.png
272,img_day272.png
273,img_day273.png
274,img_day274.png
275,img_day275.png
276,img_day276.png
277,img_day277.png
278,img_day278.png
279,img_day279.png
280,img_day280.png
281,img_day281.png
282,img_day282.png
283,img_day283.png
284,img_day284.png
285,img_day285.png
286,img_day286.png
287,img_day287.png
288,img_day288.png
289,img_day289.png
290,img_day290.png
291,img_day291.png
292,img_day292.png
293,img_day293.png
294,img_day294.png
295,img_day295.png
296,img_day296.png
297,img_day297.png
298,img_day298.png
299,img_day299.png
300,img_day300.png
301,img_day301.png
302,img_day302.png
303,img_day303.png
304,img_day304.png
305,img_day305.png
306,img_day306.png
307,img_day307.png
308,img_day308.png
309,img_day309.png
310,img_day310.png
311,img_day311.png
312,img_day312.png
313,img_day313.png
314,img_day314.png
315,img_day315.png
316,img_day316.png
317,img_day317.png
318,img_day318.png
319,img_day319.png
320,img_day320.png
321,img_day321.png
322,img_day322.png
323,img_day323.png
324,img_day324.png
325,img_day325.png
326,img_day326.png
327,img_day327.png
328,img_day328.png
329,img_day329.png
330,img_day330.png
331,img_day331.png
332,img_day332.png
333,img_day333.png
334,img_day334.png
335,img_day335.png
336,img_day336.png
337,img_day337.png
338,img_day338.png
339,img_day339.png
340,img_day340.png
341,img_day341.png
342,img_day342.png
343,img_day343.png
344,img_day344.png
345,img_day345.png
346,img_day346.png
347,img_day347.png
348,img_day348.png
349,img_day349.png
350,img_day350.png
351,img_day351.png
352,img_day352.png
353,img_day353.png
354,img_day354.png
355,img_day355.png
356,img_day356.png
357,img_day357.png
358,img_day358.png
359,img_day359.png
360,img_day360.png
361,img_day361.png
362,img_day362.png
363,img_day363.png
364,img_day364.png
365,img_day365.png
366,img_day366.png
367,img_day367.png
368,img_day368.png
369,img_day369.png
370,img_day370.png
371,img_day371.png
372,img_day372.png
373,img_day373.png
374,img_day374.png
375,img_day375.png
376,img_day376.png
377,img_day377.png
378,img_day378.png
379,img_day379.png
380,img_day380.png
381,img_day381.png
382,img_day382.png
383,img_day383.png
384,img_day384.png
385,img_day385.png
386,img_day386.png
387,img_day387.png
388,img_day388.png
389,img_day389.png
390,img_day390.png
391,img_day391.png
392,img_day392.png
393,img_day393.png
394,img_day394.png
395,img_day395.png
396,img_day396.png
397,img_day397.png
398,img_day398.png
399,img_day399.png
400,img_day400.png
401,img_day401.png
402,img_day402.png
403,img_day403.png
404,img_day404.png
405,img_day405.png
406,img_day406.png
407,img_day407.png
408,img_day408.png
409,img_day409.png
410,img_day410.png
411,img_day411.png
412,img_day412.png
413,img_day413.png
414,img_day414.png
415,img_day415.png
416,img_day416.png
417,img_day417.png
418,img_day418.png
419,img_day419.png
420,img_day420.png
421,img_day421.png
422,img_day422.png
423,img_day423.png
424,img_day424.png
425,img_day425.png
426,img_day426.png
427,img_day427.png
428,img_day428.png
429,img_day429.png
430,img_day430.png
431,img_day431.png
432,img_day432.png
433,img_day433.png
434,img_day434.png
435,img_day435.png
436,img_day436.png
437,img_day437.png
438,img_day438.png
439,img_day439.png
440,img_day440.png
441,img_day441.png
442,img_day442.png
443,img_day443.png
444,img_day444.png
445,img_day445.png
446,img_day446.png
447,img_day447.png
448,img_day448.png
