english,thai,day,level,cefr,week
cat,แมว,1,1,A1,1
dog,สุนัข,1,1,A1,1
bird,นก,1,1,A1,1
fish,ปลา,1,1,A1,1
big,ใหญ่,1,1,A1,1
small,เล็ก,1,1,A1,1
farm,ฟาร์ม,3,1,A1,1
cow,วัว,3,1,A1,1
horse,ม้า,3,1,A1,1
sheep,แกะ,3,1,A1,1
eat,กิน,3,1,A1,1
walk,เดิน,3,1,A1,1
duck,เป็ด,4,1,A1,1
swim,ว่ายน้ำ,4,1,A1,1
water,น้ำ,4,1,A1,1
fly,บิน,4,1,A1,1
fast,เร็ว,4,1,A1,1
slow,ช้า,4,1,A1,1
river,แม่น้ำ,6,1,A1,1
frog,กบ,6,1,A1,1
jump,กระโดด,6,1,A1,1
catch,จับ,6,1,A1,1
long,ยาว,6,1,A1,1
short,สั้น,6,1,A1,1
cake,เค้ก,10,1,A1,2
juice,น้ำผลไม้,10,1,A1,2
banana,กล้วย,10,1,A1,2
hungry,หิวข้าว,10,1,A1,2
full,อิ่ม,10,1,A1,2
cook,ปรุงอาหาร/ทำอาหาร,10,1,A1,2
chicken,ไก่,11,1,A1,2
noodle,เส้นก๋วยเตี๋ยว,11,1,A1,2
salt,เกลือ,11,1,A1,2
fresh,สด/สดชื่น,11,1,A1,2
buy,ซื้อ,11,1,A1,2
try,ลอง,11,1,A1,2
lunch,มื้อกลางวัน,13,1,A1,2
dinner,มื้อเย็น,13,1,A1,2
breakfast,มื้อเช้า,13,1,A1,2
ready,พร้อมแล้ว,13,1,A1,2
make,ทำ/สร้าง,13,1,A1,2
table,โต๊ะ,13,1,A1,2
home,บ้าน,15,1,A1,3
room,ห้อง,15,1,A1,3
door,ประตู,15,1,A1,3
window,หน้าต่าง,15,1,A1,3
floor,พื้น,15,1,A1,3
wall,ผนัง,15,1,A1,3
chair,เก้าอี้,16,1,A1,3
table,โต๊ะ,16,1,A1,3
sofa,โซฟา,16,1,A1,3
lamp,โคมไฟ,16,1,A1,3
sit,นั่ง,16,1,A1,3
watch,ดู,16,1,A1,3
kitchen,ห้องครัว,17,1,A1,3
cup,ถ้วย,17,1,A1,3
plate,จาน,17,1,A1,3
spoon,ช้อน,17,1,A1,3
clean,ทำความสะอาด,17,1,A1,3
help,ช่วย,17,1,A1,3
bed,เตียง,18,1,A1,3
pillow,หมอน,18,1,A1,3
toy,ของเล่น,18,1,A1,3
book,หนังสือ,18,1,A1,3
sleep,นอนหลับ,18,1,A1,3
quiet,เงียบ,18,1,A1,3
family,ครอบครัว,19,1,A1,3
mother,แม่,19,1,A1,3
father,พ่อ,19,1,A1,3
sister,พี่/น้องสาว,19,1,A1,3
brother,พี่/น้องชาย,19,1,A1,3
love,รัก,19,1,A1,3
garden,สวน,20,1,A1,3
roof,หลังคา,20,1,A1,3
stairs,บันได,20,1,A1,3
small,เล็ก,20,1,A1,3
big,ใหญ่,20,1,A1,3
tidy,เป็นระเบียบ,20,1,A1,3
school,โรงเรียน,22,1,A1,4
class,ชั้นเรียน,22,1,A1,4
teacher,ครู,22,1,A1,4
student,นักเรียน,22,1,A1,4
desk,โต๊ะเรียน,22,1,A1,4
chair,เก้าอี้,22,1,A1,4
book,หนังสือ,23,1,A1,4
pen,ปากกา,23,1,A1,4
board,กระดาน,23,1,A1,4
window,หน้าต่าง,23,1,A1,4
door,ประตู,23,1,A1,4
learn,เรียนรู้,23,1,A1,4
bag,กระเป๋า,24,1,A1,4
pencil,ดินสอ,24,1,A1,4
ruler,ไม้บรรทัด,24,1,A1,4
eraser,ยางลบ,24,1,A1,4
paper,กระดาษ,24,1,A1,4
draw,วาดรูป,24,1,A1,4
play,เล่น,25,1,A1,4
friend,เพื่อน,25,1,A1,4
run,วิ่ง,25,1,A1,4
jump,กระโดด,25,1,A1,4
fun,สนุก,25,1,A1,4
game,เกม,25,1,A1,4
kind,ใจดี,26,1,A1,4
help,ช่วยเหลือ,26,1,A1,4
listen,ฟัง,26,1,A1,4
smart,ฉลาด,26,1,A1,4
read,อ่าน,26,1,A1,4
write,เขียน,26,1,A1,4
number,ตัวเลข,27,1,A1,4
count,นับ,27,1,A1,4
easy,ง่าย,27,1,A1,4
one,หนึ่ง,27,1,A1,4
two,สอง,27,1,A1,4
three,สาม,27,1,A1,4
head,หัว,31,2,A1,5
face,ใบหน้า,31,2,A1,5
eye,ตา,31,2,A1,5
ear,หู,31,2,A1,5
nose,จมูก,31,2,A1,5
mouth,ปาก,31,2,A1,5
body,ร่างกาย,32,2,A1,5
hair,ผม,32,2,A1,5
hand,มือ,32,2,A1,5
arm,แขน,32,2,A1,5
leg,ขา,32,2,A1,5
foot,เท้า,32,2,A1,5
tooth,ฟัน,33,2,A1,5
finger,นิ้วมือ,33,2,A1,5
neck,คอ,33,2,A1,5
smile,ยิ้ม,33,2,A1,5
laugh,หัวเราะ,33,2,A1,5
cry,ร้องไห้,33,2,A1,5
see,มองเห็น,34,2,A1,5
hear,ได้ยิน,34,2,A1,5
smell,ดมกลิ่น,34,2,A1,5
taste,ชิมรส,34,2,A1,5
touch,สัมผัส,34,2,A1,5
feel,รู้สึก,34,2,A1,5
stand,ยืน,35,2,A1,5
dance,เต้น,35,2,A1,5
wash,ล้าง,35,2,A1,5
brush,แปรง,35,2,A1,5
move,ขยับ,35,2,A1,5
carry,ถือ/แบก,35,2,A1,5
tall,สูง,36,2,A1,6
strong,แข็งแรง,36,2,A1,6
young,อายุน้อย,36,2,A1,6
tired,เหนื่อย,36,2,A1,6
sick,ป่วย,36,2,A1,6
well,สบายดี,36,2,A1,6
shirt,เสื้อเชิ้ต,38,2,A1,6
dress,ชุดกระโปรง,38,2,A1,6
hat,หมวก,38,2,A1,6
shoe,รองเท้า,38,2,A1,6
sock,ถุงเท้า,38,2,A1,6
coat,เสื้อโค้ท,38,2,A1,6
clothes,เสื้อผ้า,39,2,A1,6
skirt,กระโปรง,39,2,A1,6
pocket,กระเป๋าเสื้อ,39,2,A1,6
button,กระดุม,39,2,A1,6
boot,รองเท้าบูท,39,2,A1,6
cap,หมวกแก๊ป,39,2,A1,6
wear,สวมใส่,40,2,A1,6
put,ใส่/วาง,40,2,A1,6
take,หยิบ/ถอด,40,2,A1,6
choose,เลือก,40,2,A1,6
change,เปลี่ยน,40,2,A1,6
need,ต้องการ,40,2,A1,6
black,สีดำ,41,2,A1,6
brown,สีน้ำตาล,41,2,A1,6
pink,สีชมพู,41,2,A1,6
purple,สีม่วง,41,2,A1,6
gray,สีเทา,41,2,A1,6
dark,มืด/เข้ม,41,2,A1,6
nice,ดี/สวย,42,2,A1,6
pretty,น่ารัก,42,2,A1,6
favorite,ที่ชอบที่สุด,42,2,A1,6
same,เหมือนกัน,42,2,A1,6
different,ต่างกัน,42,2,A1,6
dirty,สกปรก,42,2,A1,6
money,เงิน,43,2,A1,7
pay,จ่ายเงิน,43,2,A1,7
want,อยากได้,43,2,A1,7
like,ชอบ,43,2,A1,7
get,ได้รับ,43,2,A1,7
sell,ขาย,43,2,A1,7
sun,พระอาทิตย์,45,2,A1,7
rain,ฝน,45,2,A1,7
snow,หิมะ,45,2,A1,7
wind,ลม,45,2,A1,7
cloud,เมฆ,45,2,A1,7
sky,ท้องฟ้า,45,2,A1,7
weather,สภาพอากาศ,46,2,A1,7
season,ฤดู,46,2,A1,7
spring,ฤดูใบไม้ผลิ,46,2,A1,7
summer,ฤดูร้อน,46,2,A1,7
winter,ฤดูหนาว,46,2,A1,7
umbrella,ร่ม,46,2,A1,7
rainbow,รุ้ง,47,2,A1,7
storm,พายุ,47,2,A1,7
ice,น้ำแข็ง,47,2,A1,7
leaf,ใบไม้,47,2,A1,7
mountain,ภูเขา,47,2,A1,7
sea,ทะเล,47,2,A1,7
shine,ส่องแสง,48,2,A1,7
blow,พัด/เป่า,48,2,A1,7
fall,ตก/ร่วง,48,2,A1,7
wait,รอ,48,2,A1,7
stay,อยู่,48,2,A1,7
hold,ถือ,48,2,A1,7
warm,อบอุ่น,49,2,A1,7
cool,เย็นสบาย,49,2,A1,7
wet,เปียก,49,2,A1,7
dry,แห้ง,49,2,A1,7
sunny,แดดจ้า,49,2,A1,7
cloudy,มีเมฆมาก,49,2,A1,7
day,วัน,50,2,A1,8
morning,ตอนเช้า,50,2,A1,8
night,กลางคืน,50,2,A1,8
today,วันนี้,50,2,A1,8
tomorrow,พรุ่งนี้,50,2,A1,8
year,ปี,50,2,A1,8
town,เมือง,52,2,A1,8
street,ถนน,52,2,A1,8
road,ถนนใหญ่,52,2,A1,8
park,สวนสาธารณะ,52,2,A1,8
shop,ร้านค้า,52,2,A1,8
market,ตลาด,52,2,A1,8
hospital,โรงพยาบาล,53,2,A1,8
library,ห้องสมุด,53,2,A1,8
restaurant,ร้านอาหาร,53,2,A1,8
bank,ธนาคาร,53,2,A1,8
hotel,โรงแรม,53,2,A1,8
zoo,สวนสัตว์,53,2,A1,8
building,อาคาร,54,2,A1,8
bridge,สะพาน,54,2,A1,8
corner,หัวมุม,54,2,A1,8
map,แผนที่,54,2,A1,8
sign,ป้าย,54,2,A1,8
place,สถานที่,54,2,A1,8
visit,ไปเยี่ยม,55,2,A1,8
meet,พบเจอ,55,2,A1,8
cross,ข้าม,55,2,A1,8
turn,เลี้ยว,55,2,A1,8
drive,ขับรถ,55,2,A1,8
stop,หยุด,55,2,A1,8
near,ใกล้,56,2,A1,8
far,ไกล,56,2,A1,8
left,ซ้าย,56,2,A1,8
right,ขวา,56,2,A1,8
here,ที่นี่,56,2,A1,8
there,ที่นั่น,56,2,A1,8
people,ผู้คน,57,2,A1,9
man,ผู้ชาย,57,2,A1,9
woman,ผู้หญิง,57,2,A1,9
child,เด็ก,57,2,A1,9
city,เมืองใหญ่,57,2,A1,9
village,หมู่บ้าน,57,2,A1,9
car,รถยนต์,59,2,A1,9
bus,รถเมล์,59,2,A1,9
bike,จักรยาน,59,2,A1,9
train,รถไฟ,59,2,A1,9
boat,เรือ,59,2,A1,9
plane,เครื่องบิน,59,2,A1,9
ride,ขี่/นั่ง,60,2,A1,9
station,สถานี,60,2,A1,9
ticket,ตั๋ว,60,2,A1,9
trip,การเดินทาง,60,2,A1,9
wheel,ล้อ,60,2,A1,9
way,เส้นทาง,60,2,A1,9
glad,ดีใจ,61,3,A1,9
proud,ภูมิใจ,61,3,A1,9
excited,ตื่นเต้น,61,3,A1,9
brave,กล้าหาญ,61,3,A1,9
calm,สงบ,61,3,A1,9
cheerful,ร่าเริง,61,3,A1,9
angry,โกรธ,62,3,A1,9
afraid,กลัว,62,3,A1,9
worried,กังวล,62,3,A1,9
upset,เสียใจ,62,3,A1,9
bored,เบื่อ,62,3,A1,9
lonely,เหงา,62,3,A1,9
hope,หวัง,63,3,A1,9
wish,ปรารถนา,63,3,A1,9
dream,ฝัน,63,3,A1,9
believe,เชื่อ,63,3,A1,9
remember,จำได้,63,3,A1,9
forget,ลืม,63,3,A1,9
care,ห่วงใย,64,3,A1,10
hug,กอด,64,3,A1,10
thank,ขอบคุณ,64,3,A1,10
sorry,ขอโทษ,64,3,A1,10
please,กรุณา,64,3,A1,10
welcome,ยินดีต้อนรับ,64,3,A1,10
shout,ตะโกน,65,3,A1,10
whisper,กระซิบ,65,3,A1,10
wave,โบกมือ,65,3,A1,10
nod,พยักหน้า,65,3,A1,10
clap,ปรบมือ,65,3,A1,10
point,ชี้,65,3,A1,10
safe,ปลอดภัย,66,3,A1,10
sure,แน่ใจ,66,3,A1,10
free,อิสระ,66,3,A1,10
lucky,โชคดี,66,3,A1,10
fine,สบายดี,66,3,A1,10
great,เยี่ยม,66,3,A1,10
wake,ตื่น,68,3,A1,10
yawn,หาว,68,3,A1,10
stretch,ยืดตัว,68,3,A1,10
comb,หวี,68,3,A1,10
hurry,รีบ,68,3,A1,10
late,สาย,68,3,A1,10
bell,ระฆัง,69,3,A1,10
lesson,บทเรียน,69,3,A1,10
break,พักเบรก,69,3,A1,10
homework,การบ้าน,69,3,A1,10
test,การสอบ,69,3,A1,10
grade,เกรด,69,3,A1,10
rest,พักผ่อน,70,3,A1,10
relax,ผ่อนคลาย,70,3,A1,10
bath,อาบน้ำ,70,3,A1,10
supper,อาหารค่ำ,70,3,A1,10
story,นิทาน,70,3,A1,10
bedtime,เวลานอน,70,3,A1,10
clock,นาฬิกา,71,3,A1,11
hour,ชั่วโมง,71,3,A1,11
minute,นาที,71,3,A1,11
early,เช้าตรู่/เร็ว,71,3,A1,11
noon,เที่ยง,71,3,A1,11
moment,ขณะ,71,3,A1,11
Monday,วันจันทร์,72,3,A1,11
Friday,วันศุกร์,72,3,A1,11
weekend,สุดสัปดาห์,72,3,A1,11
month,เดือน,72,3,A1,11
calendar,ปฏิทิน,72,3,A1,11
date,วันที่,72,3,A1,11
birthday,วันเกิด,73,3,A1,11
party,งานเลี้ยง,73,3,A1,11
holiday,วันหยุด,73,3,A1,11
gift,ของขวัญ,73,3,A1,11
candle,เทียน,73,3,A1,11
balloon,ลูกโป่ง,73,3,A1,11
sport,กีฬา,75,3,A1,11
kick,เตะ,75,3,A1,11
throw,ขว้าง,75,3,A1,11
race,แข่งวิ่ง,75,3,A1,11
win,ชนะ,75,3,A1,11
team,ทีม,75,3,A1,11
goal,ประตู,76,3,A1,11
score,ทำคะแนน,76,3,A1,11
player,ผู้เล่น,76,3,A1,11
field,สนาม,76,3,A1,11
match,การแข่งขัน,76,3,A1,11
coach,โค้ช,76,3,A1,11
music,ดนตรี,77,3,A1,11
sing,ร้องเพลง,77,3,A1,11
drum,กลอง,77,3,A1,11
piano,เปียโน,77,3,A1,11
guitar,กีตาร์,77,3,A1,11
note,โน้ต,77,3,A1,11
paint,ทาสี,78,3,A1,12
glue,กาว,78,3,A1,12
cut,ตัด,78,3,A1,12
fold,พับ,78,3,A1,12
clay,ดินปั้น,78,3,A1,12
craft,งานประดิษฐ์,78,3,A1,12
hobby,งานอดิเรก,79,3,A1,12
puzzle,จิ๊กซอว์,79,3,A1,12
kite,ว่าว,79,3,A1,12
doll,ตุ๊กตา,79,3,A1,12
block,ตัวต่อ,79,3,A1,12
hide,ซ่อน,79,3,A1,12
comic,การ์ตูน,80,3,A1,12
riddle,ปริศนา,80,3,A1,12
joke,เรื่องตลก,80,3,A1,12
magic,เวทมนตร์,80,3,A1,12
prize,รางวัล,80,3,A1,12
club,ชมรม,80,3,A1,12
doctor,หมอ,82,3,A1,12
nurse,พยาบาล,82,3,A1,12
farmer,ชาวนา,82,3,A1,12
chef,กุ๊ก,82,3,A1,12
driver,คนขับรถ,82,3,A1,12
singer,นักร้อง,82,3,A1,12
baker,คนทำขนมปัง,83,3,A1,12
dancer,นักเต้น,83,3,A1,12
painter,จิตรกร,83,3,A1,12
pilot,นักบิน,83,3,A1,12
actor,นักแสดง,83,3,A1,12
writer,นักเขียน,83,3,A1,12
job,งาน,84,3,A1,12
office,สำนักงาน,84,3,A1,12
tool,เครื่องมือ,84,3,A1,12
plan,แผน,84,3,A1,12
work,ทำงาน,84,3,A1,12
build,สร้าง,84,3,A1,12
airport,สนามบิน,85,3,A1,13
museum,พิพิธภัณฑ์,85,3,A1,13
temple,วัด,85,3,A1,13
cinema,โรงหนัง,85,3,A1,13
factory,โรงงาน,85,3,A1,13
garage,อู่รถ,85,3,A1,13
coin,เหรียญ,86,3,A1,13
price,ราคา,86,3,A1,13
cheap,ถูก,86,3,A1,13
rich,รวย,86,3,A1,13
poor,จน,86,3,A1,13
spend,ใช้จ่าย,86,3,A1,13
world,โลก,87,3,A1,13
country,ประเทศ,87,3,A1,13
flag,ธง,87,3,A1,13
earth,พื้นโลก,87,3,A1,13
ocean,มหาสมุทร,87,3,A1,13
land,แผ่นดิน,87,3,A1,13
north,เหนือ,89,3,A1,13
south,ใต้,89,3,A1,13
east,ตะวันออก,89,3,A1,13
west,ตะวันตก,89,3,A1,13
moon,ดวงจันทร์,89,3,A1,13
space,อวกาศ,89,3,A1,13
journey,การเดินทาง,90,3,A1,13
begin,เริ่มต้น,90,3,A1,13
end,จบ,90,3,A1,13
grow,เติบโต,90,3,A1,13
hello,สวัสดี,90,3,A1,13
goodbye,ลาก่อน,90,3,A1,13
suitcase,กระเป๋าเดินทาง,91,4,A2,13
backpack,เป้,91,4,A2,13
snack,ของว่าง,91,4,A2,13
camera,กล้อง,91,4,A2,13
torch,ไฟฉาย,91,4,A2,13
explore,สำรวจ,91,4,A2,13
adventure,การผจญภัย,91,4,A2,13
seat,ที่นั่ง,92,4,A2,14
engine,เครื่องยนต์,92,4,A2,14
passenger,ผู้โดยสาร,92,4,A2,14
ferry,เรือข้ามฟาก,92,4,A2,14
sunrise,พระอาทิตย์ขึ้น,92,4,A2,14
arrive,มาถึง,92,4,A2,14
depart,ออกเดินทาง,92,4,A2,14
forest,ป่า,93,4,A2,14
trail,เส้นทางเดิน,93,4,A2,14
hill,เนินเขา,93,4,A2,14
valley,หุบเขา,93,4,A2,14
view,ทิวทัศน์,93,4,A2,14
climb,ปีน,93,4,A2,14
wildlife,สัตว์ป่า,93,4,A2,14
ranger,เจ้าหน้าที่ป่า,94,4,A2,14
guide,ไกด์,94,4,A2,14
squirrel,กระรอก,94,4,A2,14
deer,กวาง,94,4,A2,14
waterfall,น้ำตก,94,4,A2,14
splash,กระเซ็น,94,4,A2,14
wonderful,วิเศษ,94,4,A2,14
picnic,ปิกนิก,95,4,A2,14
basket,ตะกร้า,95,4,A2,14
sandwich,แซนด์วิช,95,4,A2,14
bottle,ขวด,95,4,A2,14
napkin,ผ้าเช็ดปาก,95,4,A2,14
blanket,ผ้าห่ม,95,4,A2,14
delicious,อร่อย,95,4,A2,14
campfire,กองไฟ,96,4,A2,14
tent,เต็นท์,96,4,A2,14
lake,ทะเลสาบ,96,4,A2,14
sunset,พระอาทิตย์ตก,96,4,A2,14
photo,รูปถ่าย,96,4,A2,14
memory,ความทรงจำ,96,4,A2,14
sleepy,ง่วง,96,4,A2,14
shy,ขี้อาย,98,4,A2,14
nervous,ประหม่า,98,4,A2,14
greet,ทักทาย,98,4,A2,14
polite,สุภาพ,98,4,A2,14
invite,เชิญ,98,4,A2,14
include,ให้เข้าร่วม,98,4,A2,14
confident,มั่นใจ,98,4,A2,14
kindness,ความเมตตา,99,4,A2,15
generous,ใจกว้าง,99,4,A2,15
selfish,เห็นแก่ตัว,99,4,A2,15
accept,ยอมรับ,99,4,A2,15
refuse,ปฏิเสธ,99,4,A2,15
grateful,รู้สึกขอบคุณ,99,4,A2,15
praise,ชมเชย,99,4,A2,15
argue,เถียงกัน,100,4,A2,15
quarrel,ทะเลาะ,100,4,A2,15
blame,โทษ,100,4,A2,15
apologize,ขอโทษ,100,4,A2,15
forgive,ให้อภัย,100,4,A2,15
honest,ซื่อสัตย์,100,4,A2,15
comfort,ปลอบใจ,100,4,A2,15
trust,ไว้ใจ,101,4,A2,15
secret,ความลับ,101,4,A2,15
loyal,ภักดี,101,4,A2,15
promise,สัญญา,101,4,A2,15
respect,เคารพ,101,4,A2,15
jealous,อิจฉา,101,4,A2,15
sincere,จริงใจ,101,4,A2,15
support,สนับสนุน,102,4,A2,15
encourage,ให้กำลังใจ,102,4,A2,15
advice,คำแนะนำ,102,4,A2,15
gentle,อ่อนโยน,102,4,A2,15
patient,อดทน,102,4,A2,15
understand,เข้าใจ,102,4,A2,15
humble,ถ่อมตัว,102,4,A2,15
compliment,คำชม,103,4,A2,15
tease,ล้อเล่น,103,4,A2,15
listener,ผู้ฟัง,103,4,A2,15
apart,แยกจากกัน,103,4,A2,15
reunion,การกลับมาพบกัน,103,4,A2,15
exclude,กีดกัน,103,4,A2,15
humor,อารมณ์ขัน,103,4,A2,15
wood,ป่าไม้,105,4,A2,15
branch,กิ่งไม้,105,4,A2,15
root,ราก,105,4,A2,15
bark,เปลือกไม้,105,4,A2,15
shade,ร่มเงา,105,4,A2,15
still,นิ่ง,105,4,A2,15
discover,ค้นพบ,105,4,A2,15
plant,ต้นไม้ / ปลูก,106,4,A2,16
seed,เมล็ด,106,4,A2,16
soil,ดิน,106,4,A2,16
sprout,แตกหน่อ,106,4,A2,16
sunlight,แสงแดด,106,4,A2,16
bloom,ผลิบาน,106,4,A2,16
gardener,คนสวน,106,4,A2,16
beetle,ด้วง,107,4,A2,16
spider,แมงมุม,107,4,A2,16
web,ใยแมงมุม,107,4,A2,16
nest,รัง,107,4,A2,16
wing,ปีก,107,4,A2,16
feather,ขนนก,107,4,A2,16
crawl,คลาน,107,4,A2,16
stream,ลำธาร,108,4,A2,16
pond,สระน้ำ,108,4,A2,16
stone,ก้อนหิน,108,4,A2,16
pebble,กรวด,108,4,A2,16
deep,ลึก,108,4,A2,16
float,ลอย,108,4,A2,16
flow,ไหล,108,4,A2,16
thunder,ฟ้าร้อง,109,4,A2,16
lightning,ฟ้าแลบ,109,4,A2,16
breeze,ลมอ่อน,109,4,A2,16
fog,หมอก,109,4,A2,16
freeze,แข็งตัว,109,4,A2,16
melt,ละลาย,109,4,A2,16
forecast,พยากรณ์อากาศ,109,4,A2,16
planet,ดาวเคราะห์,110,4,A2,16
litter,ขยะเกลื่อน,110,4,A2,16
waste,ของเสีย,110,4,A2,16
pollution,มลพิษ,110,4,A2,16
recycle,รีไซเคิล,110,4,A2,16
protect,ปกป้อง,110,4,A2,16
save,รักษาไว้,110,4,A2,16
subject,วิชา,112,4,A2,16
math,คณิตศาสตร์,112,4,A2,16
science,วิทยาศาสตร์,112,4,A2,16
history,ประวัติศาสตร์,112,4,A2,16
timetable,ตารางเรียน,112,4,A2,16
interesting,น่าสนใจ,112,4,A2,16
boring,น่าเบื่อ,112,4,A2,16
question,คำถาม,113,4,A2,17
attention,ความตั้งใจ,113,4,A2,17
correct,ถูกต้อง,113,4,A2,17
explain,อธิบาย,113,4,A2,17
focus,มีสมาธิ,113,4,A2,17
realize,ตระหนักได้,113,4,A2,17
clever,ฉลาด,113,4,A2,17
project,ชิ้นงาน,114,4,A2,17
notebook,สมุด,114,4,A2,17
effort,ความพยายาม,114,4,A2,17
difficult,ยาก,114,4,A2,17
complete,ทำให้เสร็จ,114,4,A2,17
improve,พัฒนาขึ้น,114,4,A2,17
prepare,เตรียมตัว,114,4,A2,17
screen,จอ,115,4,A2,17
keyboard,แป้นพิมพ์,115,4,A2,17
mouse,เมาส์,115,4,A2,17
internet,อินเทอร์เน็ต,115,4,A2,17
type,พิมพ์,115,4,A2,17
click,คลิก,115,4,A2,17
search,ค้นหา,115,4,A2,17
exam,การสอบ,116,4,A2,17
pass,สอบผ่าน,116,4,A2,17
fail,สอบตก,116,4,A2,17
retry,ลองใหม่,116,4,A2,17
steady,มั่นคง นิ่ง,116,4,A2,17
accurate,แม่นยำ,116,4,A2,17
applaud,ปรบมือให้,116,4,A2,17
knowledge,ความรู้,117,4,A2,17
idea,ความคิด,117,4,A2,17
curious,อยากรู้อยากเห็น,117,4,A2,17
wise,ฉลาดรอบรู้,117,4,A2,17
achieve,บรรลุ,117,4,A2,17
success,ความสำเร็จ,117,4,A2,17
continue,ทำต่อไป,117,4,A2,17
celebrate,ฉลอง,119,4,A2,17
festival,เทศกาล,119,4,A2,17
guest,แขก,119,4,A2,17
gather,มารวมตัวกัน,119,4,A2,17
surprise,เซอร์ไพรส์,119,4,A2,17
enjoy,สนุกกับ,119,4,A2,17
cheer,ส่งเสียงเชียร์,119,4,A2,17
award,รางวัล,120,4,A2,18
medal,เหรียญ,120,4,A2,18
reward,ผลตอบแทน,120,4,A2,18
ahead,ข้างหน้า,120,4,A2,18
ceremony,พิธี,120,4,A2,18
honour,เกียรติ,120,4,A2,18
forward,ไปข้างหน้า,120,4,A2,18
recipe,สูตรอาหาร,121,5,A2,18
ingredient,ส่วนผสม,121,5,A2,18
flour,แป้ง,121,5,A2,18
sugar,น้ำตาล,121,5,A2,18
mix,ผสม,121,5,A2,18
pour,เท,121,5,A2,18
bake,อบ,121,5,A2,18
chop,สับ,122,5,A2,18
slice,หั่นเป็นแผ่น,122,5,A2,18
boil,ต้ม,122,5,A2,18
fry,ทอด,122,5,A2,18
dish,จานอาหาร,122,5,A2,18
serve,เสิร์ฟ,122,5,A2,18
spoonful,หนึ่งช้อน,122,5,A2,18
flavour,รสชาติ,123,5,A2,18
sweet,หวาน,123,5,A2,18
sour,เปรี้ยว,123,5,A2,18
salty,เค็ม,123,5,A2,18
bitter,ขม,123,5,A2,18
spicy,เผ็ด,123,5,A2,18
crispy,กรอบ,123,5,A2,18
menu,เมนู,124,5,A2,18
order,สั่งอาหาร,124,5,A2,18
waiter,พนักงานเสิร์ฟ,124,5,A2,18
customer,ลูกค้า,124,5,A2,18
bill,บิล,124,5,A2,18
tip,เงินทิป,124,5,A2,18
manners,มารยาท,124,5,A2,18
healthy,ดีต่อสุขภาพ,125,5,A2,18
vitamin,วิตามิน,125,5,A2,18
protein,โปรตีน,125,5,A2,18
portion,ปริมาณต่อมื้อ,125,5,A2,18
balance,ความสมดุล,125,5,A2,18
avoid,หลีกเลี่ยง,125,5,A2,18
nutrition,โภชนาการ,125,5,A2,18
seller,คนขาย,126,5,A2,18
stall,แผงขายของ,126,5,A2,18
weigh,ชั่งน้ำหนัก,126,5,A2,18
kilo,กิโล,126,5,A2,18
bargain,ของถูกคุ้มค่า,126,5,A2,18
crowded,แออัด,126,5,A2,18
trolley,รถเข็น,126,5,A2,18
unwell,ไม่สบาย,128,5,A2,19
fever,ไข้,128,5,A2,19
cough,ไอ,128,5,A2,19
sneeze,จาม,128,5,A2,19
sore,เจ็บ,128,5,A2,19
ache,ปวด,128,5,A2,19
headache,ปวดหัว,128,5,A2,19
clinic,คลินิก,129,5,A2,19
dentist,หมอฟัน,129,5,A2,19
medicine,ยา,129,5,A2,19
pill,ยาเม็ด,129,5,A2,19
injection,การฉีดยา,129,5,A2,19
bandage,ผ้าพันแผล,129,5,A2,19
recover,หายป่วย,129,5,A2,19
jog,วิ่งเหยาะ,130,5,A2,19
fitness,ความฟิต,130,5,A2,19
muscle,กล้ามเนื้อ,130,5,A2,19
breathe,หายใจ,130,5,A2,19
heartbeat,การเต้นของหัวใจ,130,5,A2,19
pulse,ชีพจร,130,5,A2,19
stretchy,ยืดหยุ่น,130,5,A2,19
nap,งีบหลับ,131,5,A2,19
alarm,นาฬิกาปลุก,131,5,A2,19
awake,ตื่นอยู่,131,5,A2,19
habit,นิสัย,131,5,A2,19
peaceful,สงบ,131,5,A2,19
deeply,อย่างลึกซึ้ง,131,5,A2,19
energy,พลังงาน,131,5,A2,19
safety,ความปลอดภัย,132,5,A2,19
helmet,หมวกกันน็อก,132,5,A2,19
danger,อันตราย,132,5,A2,19
warning,คำเตือน,132,5,A2,19
accident,อุบัติเหตุ,132,5,A2,19
careful,ระมัดระวัง,132,5,A2,19
rule,กฎ,132,5,A2,19
hygiene,สุขอนามัย,133,5,A2,19
germ,เชื้อโรค,133,5,A2,19
soap,สบู่,133,5,A2,19
towel,ผ้าเช็ดตัว,133,5,A2,19
toothbrush,แปรงสีฟัน,133,5,A2,19
spread,แพร่กระจาย,133,5,A2,19
prevent,ป้องกันไม่ให้เกิด,133,5,A2,19
wallet,กระเป๋าสตางค์,135,5,A2,20
purse,กระเป๋าเงินใบเล็ก,135,5,A2,20
allowance,เงินค่าขนม,135,5,A2,20
earn,หาเงินได้,135,5,A2,20
jar,โหล,135,5,A2,20
cost,ราคา,135,5,A2,20
afford,มีเงินพอซื้อ,135,5,A2,20
expensive,แพง,136,5,A2,20
discount,ส่วนลด,136,5,A2,20
label,ป้ายสินค้า,136,5,A2,20
shelf,ชั้นวางของ,136,5,A2,20
brand,ยี่ห้อ,136,5,A2,20
compare,เปรียบเทียบ,136,5,A2,20
size,ขนาด,136,5,A2,20
queue,เข้าแถว,137,5,A2,20
cashier,แคชเชียร์,137,5,A2,20
scan,สแกน,137,5,A2,20
barcode,บาร์โค้ด,137,5,A2,20
receipt,ใบเสร็จ,137,5,A2,20
refund,คืนเงิน,137,5,A2,20
exchange,แลกเปลี่ยน,137,5,A2,20
budget,งบประมาณ,138,5,A2,20
decide,ตัดสินใจ,138,5,A2,20
overspend,ใช้เงินเกินตัว,138,5,A2,20
patience,ความอดทน,138,5,A2,20
bonus,โบนัส,138,5,A2,20
total,ยอดรวม,138,5,A2,20
half,ครึ่งหนึ่ง,138,5,A2,20
borrow,ยืม,139,5,A2,20
lend,ให้ยืม,139,5,A2,20
owe,ติดหนี้,139,5,A2,20
return,คืน,139,5,A2,20
repay,จ่ายคืน,139,5,A2,20
reliable,พึ่งพาได้,139,5,A2,20
worth,มีค่า,139,5,A2,20
donate,บริจาค,140,5,A2,20
charity,การกุศล,140,5,A2,20
collect,เก็บรวบรวม,140,5,A2,20
volunteer,อาสาสมัคร,140,5,A2,20
community,ชุมชน,140,5,A2,20
thoughtful,คิดถึงผู้อื่น,140,5,A2,20
value,คุณค่า,140,5,A2,20
luggage,สัมภาระ,142,5,A2,21
passport,หนังสือเดินทาง,142,5,A2,21
booking,การจอง,142,5,A2,21
departure,การออกเดินทาง,142,5,A2,21
route,เส้นทาง,142,5,A2,21
abroad,ต่างประเทศ,142,5,A2,21
tourist,นักท่องเที่ยว,142,5,A2,21
railway,ทางรถไฟ,143,5,A2,21
platform,ชานชาลา,143,5,A2,21
carriage,ตู้โดยสาร,143,5,A2,21
delay,ความล่าช้า,143,5,A2,21
seatbelt,เข็มขัดนิรภัย,143,5,A2,21
aisle,ทางเดินระหว่างที่นั่ง,143,5,A2,21
voyage,การเดินทางไกล,143,5,A2,21
coast,ชายฝั่ง,144,5,A2,21
island,เกาะ,144,5,A2,21
horizon,เส้นขอบฟ้า,144,5,A2,21
shell,เปลือกหอย,144,5,A2,21
tide,กระแสน้ำขึ้นลง,144,5,A2,21
sail,แล่นเรือ,144,5,A2,21
seaside,ชายทะเล,144,5,A2,21
palace,พระราชวัง,145,5,A2,21
landmark,สถานที่สำคัญ,145,5,A2,21
desert,ทะเลทราย,145,5,A2,21
ancient,โบราณ,145,5,A2,21
statue,รูปปั้น,145,5,A2,21
scenery,ทัศนียภาพ,145,5,A2,21
amazing,น่าทึ่ง,145,5,A2,21
culture,วัฒนธรรม,146,5,A2,21
language,ภาษา,146,5,A2,21
custom,ธรรมเนียม,146,5,A2,21
tradition,ประเพณี,146,5,A2,21
greeting,การทักทาย,146,5,A2,21
admire,ชื่นชม,146,5,A2,21
eager,กระตือรือร้น,146,5,A2,21
postcard,โปสต์การ์ด,147,5,A2,21
souvenir,ของที่ระลึก,147,5,A2,21
photograph,ภาพถ่าย,147,5,A2,21
album,อัลบั้ม,147,5,A2,21
scrapbook,สมุดติดภาพ,147,5,A2,21
lifetime,ชั่วชีวิต,147,5,A2,21
farewell,การกล่าวลา,147,5,A2,21
progress,ความก้าวหน้า,149,5,A2,22
confidence,ความมั่นใจ,149,5,A2,22
fluent,คล่องแคล่ว,149,5,A2,22
review,ทบทวน,149,5,A2,22
mistake,ข้อผิดพลาด,149,5,A2,22
practice,การฝึกฝน,149,5,A2,22
rejoice,ยินดีปรีดา,149,5,A2,22
challenge,ความท้าทาย,150,5,A2,22
target,เป้าหมาย,150,5,A2,22
effortless,ง่ายดาย,150,5,A2,22
discipline,วินัย,150,5,A2,22
persist,พากเพียร,150,5,A2,22
milestone,หมุดหมาย,150,5,A2,22
relative,ญาติ,151,6,A2,22
cousin,ลูกพี่ลูกน้อง,151,6,A2,22
aunt,ป้า/น้า,151,6,A2,22
uncle,ลุง/อา,151,6,A2,22
grandparent,ปู่ย่าตายาย,151,6,A2,22
twin,ฝาแฝด,151,6,A2,22
nephew,หลานชาย,151,6,A2,22
household,ครัวเรือน,152,6,A2,22
chore,งานบ้าน,152,6,A2,22
sweep,กวาด,152,6,A2,22
dust,ปัดฝุ่น,152,6,A2,22
laundry,ผ้าที่ต้องซัก,152,6,A2,22
iron,รีดผ้า,152,6,A2,22
repair,ซ่อม,152,6,A2,22
furniture,เฟอร์นิเจอร์,153,6,A2,22
cupboard,ตู้,153,6,A2,22
drawer,ลิ้นชัก,153,6,A2,22
curtain,ผ้าม่าน,153,6,A2,22
carpet,พรม,153,6,A2,22
ceiling,เพดาน,153,6,A2,22
balcony,ระเบียง,153,6,A2,22
neighbourhood,ละแวกบ้าน,154,6,A2,22
apartment,อพาร์ตเมนต์,154,6,A2,22
rent,ค่าเช่า,154,6,A2,22
landlord,เจ้าของบ้านเช่า,154,6,A2,22
corridor,ทางเดิน,154,6,A2,22
lift,ลิฟต์,154,6,A2,22
resident,ผู้อยู่อาศัย,154,6,A2,22
collection,คอลเลกชัน,155,6,A2,23
model,โมเดล,155,6,A2,23
chess,หมากรุก,155,6,A2,23
sketch,ภาพร่าง,155,6,A2,23
pottery,เครื่องปั้นดินเผา,155,6,A2,23
knit,ถัก,155,6,A2,23
sew,เย็บ,155,6,A2,23
melody,ทำนอง,156,6,A2,23
rhythm,จังหวะ,156,6,A2,23
perform,แสดง,156,6,A2,23
stage,เวที,156,6,A2,23
audience,ผู้ชม,156,6,A2,23
rehearse,ซ้อม,156,6,A2,23
costume,ชุดแสดง,156,6,A2,23
theatre,โรงละคร,158,6,A2,23
script,บทละคร,158,6,A2,23
character,ตัวละคร,158,6,A2,23
scene,ฉาก,158,6,A2,23
director,ผู้กำกับ,158,6,A2,23
applause,เสียงปรบมือ,158,6,A2,23
anxious,กังวล,158,6,A2,23
channel,ช่อง,159,6,A2,23
programme,รายการ,159,6,A2,23
broadcast,ออกอากาศ,159,6,A2,23
interview,สัมภาษณ์,159,6,A2,23
advert,โฆษณา,159,6,A2,23
remote,รีโมต,159,6,A2,23
viewer,ผู้ชมทางบ้าน,159,6,A2,23
headline,พาดหัวข่าว,160,6,A2,23
article,บทความ,160,6,A2,23
journalist,นักข่าว,160,6,A2,23
report,รายงาน,160,6,A2,23
source,แหล่งข้อมูล,160,6,A2,23
rumour,ข่าวลือ,160,6,A2,23
verify,ตรวจสอบให้แน่ใจ,160,6,A2,23
message,ข้อความ,161,6,A2,23
reply,ตอบกลับ,161,6,A2,23
attach,แนบไฟล์,161,6,A2,23
delete,ลบ,161,6,A2,23
download,ดาวน์โหลด,161,6,A2,23
upload,อัปโหลด,161,6,A2,23
notification,การแจ้งเตือน,161,6,A2,23
profile,โปรไฟล์,162,6,A2,24
privacy,ความเป็นส่วนตัว,162,6,A2,24
username,ชื่อผู้ใช้,162,6,A2,24
stranger,คนแปลกหน้า,162,6,A2,24
restrict,จำกัดการเข้าถึง,162,6,A2,24
alert,แจ้งเตือน,162,6,A2,24
secure,ปลอดภัย,162,6,A2,24
limit,ขีดจำกัด,163,6,A2,24
device,อุปกรณ์,163,6,A2,24
outdoor,กลางแจ้ง,163,6,A2,24
restless,อยู่ไม่สุข,163,6,A2,24
creative,สร้างสรรค์,163,6,A2,24
offline,ออฟไลน์,163,6,A2,24
mindful,รู้ตัว,163,6,A2,24
honesty,ความซื่อสัตย์,165,6,A2,24
truth,ความจริง,165,6,A2,24
admit,ยอมรับ,165,6,A2,24
excuse,ข้ออ้าง,165,6,A2,24
cheat,โกง,165,6,A2,24
conscience,มโนธรรม,165,6,A2,24
genuine,จริงแท้,165,6,A2,24
courage,ความกล้าหาญ,166,6,A2,24
fearful,หวาดกลัว,166,6,A2,24
attempt,พยายามทำ,166,6,A2,24
overcome,เอาชนะ,166,6,A2,24
bold,กล้า,166,6,A2,24
shield,ปกป้อง,166,6,A2,24
hero,วีรบุรุษ,166,6,A2,24
fairness,ความยุติธรรม,167,6,A2,24
equal,เท่าเทียม,167,6,A2,24
rotation,การผลัดเปลี่ยน,167,6,A2,24
unfair,ไม่ยุติธรรม,167,6,A2,24
agree,เห็นด้วย,167,6,A2,24
settle,ยุติข้อขัดแย้ง,167,6,A2,24
referee,กรรมการ,167,6,A2,24
gratitude,ความกตัญญู,168,6,A2,24
appreciate,ซาบซึ้ง,168,6,A2,24
blessing,สิ่งดีที่ได้รับ,168,6,A2,24
modest,ถ่อมตน,168,6,A2,24
credit,การให้เครดิต,168,6,A2,24
lowly,ถ่อมตัว,168,6,A2,24
recall,นึกถึง,168,6,A2,24
responsible,มีความรับผิดชอบ,169,6,A2,25
duty,หน้าที่,169,6,A2,25
offer,เสนอ,169,6,A2,25
assist,ช่วยเหลือ,169,6,A2,25
elderly,ผู้สูงอายุ,169,6,A2,25
deliver,นำไปส่ง,169,6,A2,25
deed,การกระทำ,169,6,A2,25
teamwork,การทำงานเป็นทีม,170,6,A2,25
captain,หัวหน้าทีม,170,6,A2,25
motivate,สร้างแรงจูงใจ,170,6,A2,25
cooperate,ร่วมมือ,170,6,A2,25
victory,ชัยชนะ,170,6,A2,25
defeat,ความพ่ายแพ้,170,6,A2,25
spirit,จิตใจ,170,6,A2,25
nation,ประเทศชาติ,172,6,A2,25
capital,เมืองหลวง,172,6,A2,25
citizen,พลเมือง,172,6,A2,25
border,ชายแดน,172,6,A2,25
province,จังหวัด,172,6,A2,25
heritage,มรดกวัฒนธรรม,172,6,A2,25
anthem,เพลงชาติ,172,6,A2,25
region,ภูมิภาค,173,6,A2,25
northern,ทางเหนือ,173,6,A2,25
southern,ทางใต้,173,6,A2,25
tropical,เขตร้อน,173,6,A2,25
climate,ภูมิอากาศ,173,6,A2,25
plain,ที่ราบ,173,6,A2,25
vast,กว้างใหญ่,173,6,A2,25
species,สายพันธุ์,174,6,A2,25
endangered,ใกล้สูญพันธุ์,174,6,A2,25
habitat,ถิ่นอาศัย,174,6,A2,25
hunt,ล่า,174,6,A2,25
rescue,ช่วยชีวิต,174,6,A2,25
reserve,เขตอนุรักษ์,174,6,A2,25
survive,อยู่รอด,174,6,A2,25
adopt,รับมาเลี้ยง,175,6,A2,25
shelter,ที่พักพิงสัตว์,175,6,A2,25
paw,อุ้งเท้า,175,6,A2,25
fur,ขนสัตว์,175,6,A2,25
stray,สัตว์จรจัด,175,6,A2,25
vet,สัตวแพทย์,175,6,A2,25
devoted,ทุ่มเท ผูกพัน,175,6,A2,25
peace,สันติภาพ,176,6,A2,26
conflict,ความขัดแย้ง,176,6,A2,26
solve,แก้ปัญหา,176,6,A2,26
unite,รวมเป็นหนึ่ง,176,6,A2,26
embrace,โอบรับ,176,6,A2,26
difference,ความแตกต่าง,176,6,A2,26
calmly,อย่างใจเย็น,176,6,A2,26
global,ระดับโลก,177,6,A2,26
connect,เชื่อมโยง,177,6,A2,26
share,แบ่งปัน,177,6,A2,26
worldwide,ทั่วโลก,177,6,A2,26
citizenship,ความเป็นพลเมือง,177,6,A2,26
generation,คนรุ่นต่อไป,177,6,A2,26
together,ด้วยกัน,177,6,A2,26
graduate,จบการศึกษา,179,6,A2,26
certificate,ใบประกาศ,179,6,A2,26
mentor,ผู้ชี้แนะ,179,6,A2,26
inspire,สร้างแรงบันดาลใจ,179,6,A2,26
potential,ศักยภาพ,179,6,A2,26
achievement,ความสำเร็จ,179,6,A2,26
onward,มุ่งไปข้างหน้า,179,6,A2,26
beyond,เลยไปกว่านั้น,180,6,A2,26
intermediate,ระดับกลาง,180,6,A2,26
opinion,ความคิดเห็น,180,6,A2,26
express,แสดงออก,180,6,A2,26
paragraph,ย่อหน้า,180,6,A2,26
fluency,ความคล่อง,180,6,A2,26
expedition,การเดินทางสำรวจ,180,6,A2,26
debate,การโต้วาที,181,7,B1,26
viewpoint,มุมมอง,181,7,B1,26
disagree,ไม่เห็นด้วย,181,7,B1,26
persuade,โน้มน้าว,181,7,B1,26
claim,อ้างว่า,181,7,B1,26
reasonable,สมเหตุสมผล,181,7,B1,26
perspective,แง่มุม,181,7,B1,26
respectful,ให้เกียรติ,181,7,B1,26
evidence,หลักฐาน,182,7,B1,26
logic,ตรรกะ,182,7,B1,26
assume,สันนิษฐาน,182,7,B1,26
justify,ให้เหตุผลสนับสนุน,182,7,B1,26
obvious,ชัดเจน,182,7,B1,26
doubtful,น่าสงสัย,182,7,B1,26
conclude,สรุป,182,7,B1,26
clarify,ทำให้กระจ่าง,182,7,B1,26
alternative,ทางเลือก,183,7,B1,27
consider,พิจารณา,183,7,B1,27
consequence,ผลที่ตามมา,183,7,B1,27
outcome,ผลลัพธ์,183,7,B1,27
likely,น่าจะเป็น,183,7,B1,27
unlikely,ไม่น่าเป็นไปได้,183,7,B1,27
compromise,ประนีประนอม,183,7,B1,27
decision,การตัดสินใจ,183,7,B1,27
experiment,การทดลอง,184,7,B1,27
hypothesis,สมมติฐาน,184,7,B1,27
observe,สังเกต,184,7,B1,27
measure,วัด,184,7,B1,27
data,ข้อมูล,184,7,B1,27
laboratory,ห้องปฏิบัติการ,184,7,B1,27
microscope,กล้องจุลทรรศน์,184,7,B1,27
record,บันทึก,184,7,B1,27
invention,สิ่งประดิษฐ์,185,7,B1,27
engineer,วิศวกร,185,7,B1,27
circuit,วงจรไฟฟ้า,185,7,B1,27
electricity,ไฟฟ้า,185,7,B1,27
battery,แบตเตอรี่,185,7,B1,27
solar,พลังแสงอาทิตย์,185,7,B1,27
renewable,หมุนเวียนได้,185,7,B1,27
function,ทำงาน,185,7,B1,27
orbit,วงโคจร,186,7,B1,27
satellite,ดาวเทียม,186,7,B1,27
gravity,แรงโน้มถ่วง,186,7,B1,27
telescope,กล้องดูดาว,186,7,B1,27
galaxy,กาแล็กซี,186,7,B1,27
astronaut,นักบินอวกาศ,186,7,B1,27
mission,ภารกิจ,186,7,B1,27
universe,จักรวาล,186,7,B1,27
career,อาชีพระยะยาว,188,7,B1,27
profession,วิชาชีพ,188,7,B1,27
salary,เงินเดือน,188,7,B1,27
skill,ทักษะ,188,7,B1,27
qualification,คุณสมบัติ,188,7,B1,27
apply,สมัคร,188,7,B1,27
employer,นายจ้าง,188,7,B1,27
ambition,ความมุ่งมั่น,188,7,B1,27
appointment,การนัดหมาย,189,7,B1,27
punctual,ตรงต่อเวลา,189,7,B1,27
impression,ความประทับใจ,189,7,B1,27
experience,ประสบการณ์,189,7,B1,27
strength,จุดแข็ง,189,7,B1,27
weakness,จุดอ่อน,189,7,B1,27
frankly,อย่างตรงไปตรงมา,189,7,B1,27
assurance,ความเชื่อมั่น,189,7,B1,27
colleague,เพื่อนร่วมงาน,190,7,B1,28
manager,ผู้จัดการ,190,7,B1,28
deadline,กำหนดส่ง,190,7,B1,28
meeting,การประชุม,190,7,B1,28
update,อัปเดตความคืบหน้า,190,7,B1,28
delegate,มอบหมายงาน,190,7,B1,28
efficient,มีประสิทธิภาพ,190,7,B1,28
dependable,ไว้วางใจได้,190,7,B1,28
pollute,ทำให้เป็นมลพิษ,191,7,B1,28
emission,การปล่อยมลพิษ,191,7,B1,28
resource,ทรัพยากร,191,7,B1,28
consume,บริโภค,191,7,B1,28
shortage,การขาดแคลน,191,7,B1,28
sustainable,ยั่งยืน,191,7,B1,28
impact,ผลกระทบ,191,7,B1,28
urgent,เร่งด่วน,191,7,B1,28
carbon,คาร์บอน,192,7,B1,28
drought,ภัยแล้ง,192,7,B1,28
erosion,การกัดเซาะ,192,7,B1,28
deforestation,การตัดไม้ทำลายป่า,192,7,B1,28
threaten,คุกคาม,192,7,B1,28
extreme,รุนแรงสุดขั้ว,192,7,B1,28
adapt,ปรับตัว,192,7,B1,28
predict,ทำนาย,192,7,B1,28
campaign,การรณรงค์,193,7,B1,28
awareness,การตระหนักรู้,193,7,B1,28
reduce,ลดลง,193,7,B1,28
petition,คำร้อง,193,7,B1,28
activist,นักกิจกรรม,193,7,B1,28
influence,อิทธิพล,193,7,B1,28
commit,ให้คำมั่น,193,7,B1,28
lasting,ที่คงอยู่,193,7,B1,28
novel,นวนิยาย,195,7,B1,28
author,ผู้แต่ง,195,7,B1,28
chapter,บท,195,7,B1,28
plot,โครงเรื่อง,195,7,B1,28
fiction,เรื่องแต่ง,195,7,B1,28
narrator,ผู้เล่าเรื่อง,195,7,B1,28
genre,ประเภทวรรณกรรม,195,7,B1,28
summary,บทสรุป,195,7,B1,28
poetry,บทกวี,196,7,B1,28
rhyme,สัมผัสคำ,196,7,B1,28
metaphor,อุปมาอุปไมย,196,7,B1,28
imagination,จินตนาการ,196,7,B1,28
vivid,ชัดเจนมีชีวิตชีวา,196,7,B1,28
describe,บรรยาย,196,7,B1,28
emotion,อารมณ์ความรู้สึก,196,7,B1,28
original,มีเอกลักษณ์,196,7,B1,28
legend,ตำนาน,197,7,B1,29
myth,เทพนิยาย,197,7,B1,29
ancestor,บรรพบุรุษ,197,7,B1,29
moral,ข้อคิดสอนใจ,197,7,B1,29
wisdom,ปัญญา,197,7,B1,29
symbol,สัญลักษณ์,197,7,B1,29
folklore,คติชนพื้นบ้าน,197,7,B1,29
preserve,อนุรักษ์,197,7,B1,29
identity,ตัวตน,198,7,B1,29
personality,บุคลิกภาพ,198,7,B1,29
introvert,คนชอบอยู่เงียบ,198,7,B1,29
extrovert,คนชอบเข้าสังคม,198,7,B1,29
unique,ไม่เหมือนใคร,198,7,B1,29
assured,เชื่อมั่นในตัวเอง,198,7,B1,29
doubt,สงสัยในตัวเอง,198,7,B1,29
discovery,การค้นพบ,198,7,B1,29
empathy,ความเห็นอกเห็นใจ,199,7,B1,29
anxiety,ความวิตกกังวล,199,7,B1,29
temper,อารมณ์ร้อน,199,7,B1,29
reflect,ใคร่ครวญ,199,7,B1,29
confide,ระบายความในใจ,199,7,B1,29
reassure,ทำให้อุ่นใจ,199,7,B1,29
overwhelm,ท่วมท้นจนรับไม่ไหว,199,7,B1,29
resilience,ความยืดหยุ่นทางใจ,199,7,B1,29
maturity,วุฒิภาวะ,200,7,B1,29
independence,ความเป็นตัวของตัวเอง,200,7,B1,29
teenager,วัยรุ่น,200,7,B1,29
guardian,ผู้ปกครอง,200,7,B1,29
setback,อุปสรรค,200,7,B1,29
privilege,สิทธิพิเศษ,200,7,B1,29
boundary,ขอบเขต,200,7,B1,29
gradually,ทีละน้อย,200,7,B1,29
digital,ดิจิทัล,202,7,B1,29
software,ซอฟต์แวร์,202,7,B1,29
hardware,ฮาร์ดแวร์,202,7,B1,29
network,เครือข่าย,202,7,B1,29
database,ฐานข้อมูล,202,7,B1,29
virtual,เสมือนจริง,202,7,B1,29
website,เว็บไซต์,202,7,B1,29
access,เข้าถึง,202,7,B1,29
coding,การเขียนโปรแกรม,203,7,B1,29
algorithm,อัลกอริทึม,203,7,B1,29
command,คำสั่ง,203,7,B1,29
loop,การวนซ้ำ,203,7,B1,29
debug,แก้จุดบกพร่อง,203,7,B1,29
logical,เป็นเหตุเป็นผล,203,7,B1,29
output,ผลลัพธ์ที่ได้,203,7,B1,29
sequence,ลำดับขั้น,203,7,B1,29
artificial,ประดิษฐ์ขึ้น,204,7,B1,30
automation,ระบบอัตโนมัติ,204,7,B1,30
innovate,สร้างนวัตกรรม,204,7,B1,30
replace,แทนที่,204,7,B1,30
collaborate,ทำงานร่วมกัน,204,7,B1,30
ethical,มีจริยธรรม,204,7,B1,30
rely,พึ่งพา,204,7,B1,30
opportunity,โอกาส,204,7,B1,30
contribute,มีส่วนร่วม,205,7,B1,30
fundraise,ระดมทุน,205,7,B1,30
participant,ผู้เข้าร่วม,205,7,B1,30
organise,จัดการ,205,7,B1,30
cause,จุดมุ่งหมายเพื่อสังคม,205,7,B1,30
impactful,มีผลกระทบสูง,205,7,B1,30
generosity,ความเอื้อเฟื้อ,205,7,B1,30
selfless,ไม่เห็นแก่ตัว,205,7,B1,30
leadership,ภาวะผู้นำ,206,7,B1,30
initiative,ความคิดริเริ่ม,206,7,B1,30
motivating,สร้างแรงจูงใจ,206,7,B1,30
modesty,ความถ่อมตน,206,7,B1,30
accountable,รับผิดชอบผลลัพธ์,206,7,B1,30
vision,วิสัยทัศน์,206,7,B1,30
example,แบบอย่าง,206,7,B1,30
empower,เสริมพลังให้ผู้อื่น,206,7,B1,30
accomplish,ทำสำเร็จ,208,7,B1,30
threshold,จุดเริ่มต้นใหม่,208,7,B1,30
revise,ทบทวน,208,7,B1,30
steadily,อย่างสม่ำเสมอ,208,7,B1,30
capable,มีความสามารถ,208,7,B1,30
proficiency,ความชำนาญ,208,7,B1,30
pathway,เส้นทาง,208,7,B1,30
onwards,ต่อไปข้างหน้า,208,7,B1,30
advanced,ระดับสูง,209,7,B1,30
complexity,ความซับซ้อน,209,7,B1,30
nuance,ความละเอียดอ่อนของภาษา,209,7,B1,30
idiom,สำนวน,209,7,B1,30
argument,การให้เหตุผล,209,7,B1,30
essay,เรียงความ,209,7,B1,30
persevere,พากเพียร,209,7,B1,30
mastery,ความเชี่ยวชาญ,209,7,B1,30
consistent,สม่ำเสมอ,210,7,B1,30
breakthrough,ความก้าวกระโดด,210,7,B1,30
momentum,แรงส่ง,210,7,B1,30
determined,มุ่งมั่น,210,7,B1,30
stamina,ความอึด,210,7,B1,30
ultimate,สูงสุด,210,7,B1,30
proudly,อย่างภาคภูมิ,210,7,B1,30
renew,เริ่มใหม่,210,7,B1,30
