day,cefr,english,thai,filename_ควรตั้ง
130,A2,jog,วิ่งเหยาะ,jog.webp
130,A2,muscle,กล้ามเนื้อ,muscle.webp
130,A2,heartbeat,การเต้นของหัวใจ,heartbeat.webp
130,A2,pulse,ชีพจร,pulse.webp
130,A2,stretchy,ยืดหยุ่น,stretchy.webp
131,A2,nap,งีบหลับ,nap.webp
131,A2,alarm,นาฬิกาปลุก,alarm.webp
131,A2,awake,ตื่นอยู่,awake.webp
131,A2,habit,นิสัย,habit.webp
131,A2,peaceful,สงบ,peaceful.webp
131,A2,deeply,อย่างลึกซึ้ง,deeply.webp
131,A2,energy,พลังงาน,energy.webp
132,A2,safety,ความปลอดภัย,safety.webp
132,A2,helmet,หมวกกันน็อก,helmet.webp
132,A2,danger,อันตราย,danger.webp
132,A2,warning,คำเตือน,warning.webp
132,A2,accident,อุบัติเหตุ,accident.webp
132,A2,careful,ระมัดระวัง,careful.webp
132,A2,rule,กฎ,rule.webp
133,A2,hygiene,สุขอนามัย,hygiene.webp
133,A2,germ,เชื้อโรค,germ.webp
133,A2,soap,สบู่,soap.webp
133,A2,towel,ผ้าเช็ดตัว,towel.webp
133,A2,toothbrush,แปรงสีฟัน,toothbrush.webp
133,A2,spread,แพร่กระจาย,spread.webp
133,A2,prevent,ป้องกันไม่ให้เกิด,prevent.webp
135,A2,wallet,กระเป๋าสตางค์,wallet.webp
135,A2,purse,กระเป๋าเงินใบเล็ก,purse.webp
135,A2,allowance,เงินค่าขนม,allowance.webp
135,A2,earn,หาเงินได้,earn.webp
135,A2,jar,โหล,jar.webp
135,A2,cost,ราคา,cost.webp
135,A2,afford,มีเงินพอซื้อ,afford.webp
136,A2,expensive,แพง,expensive.webp
136,A2,discount,ส่วนลด,discount.webp
136,A2,label,ป้ายสินค้า,label.webp
136,A2,shelf,ชั้นวางของ,shelf.webp
136,A2,brand,ยี่ห้อ,brand.webp
136,A2,compare,เปรียบเทียบ,compare.webp
136,A2,size,ขนาด,size.webp
137,A2,queue,เข้าแถว,queue.webp
137,A2,cashier,แคชเชียร์,cashier.webp
137,A2,scan,สแกน,scan.webp
137,A2,barcode,บาร์โค้ด,barcode.webp
137,A2,receipt,ใบเสร็จ,receipt.webp
137,A2,refund,คืนเงิน,refund.webp
137,A2,exchange,แลกเปลี่ยน,exchange.webp
138,A2,budget,งบประมาณ,budget.webp
138,A2,decide,ตัดสินใจ,decide.webp
138,A2,overspend,ใช้เงินเกินตัว,overspend.webp
138,A2,patience,ความอดทน,patience.webp
138,A2,bonus,โบนัส,bonus.webp
138,A2,total,ยอดรวม,total.webp
138,A2,half,ครึ่งหนึ่ง,half.webp
139,A2,borrow,ยืม,borrow.webp
139,A2,lend,ให้ยืม,lend.webp
139,A2,owe,ติดหนี้,owe.webp
139,A2,return,คืน,return.webp
139,A2,repay,จ่ายคืน,repay.webp
139,A2,reliable,พึ่งพาได้,reliable.webp
139,A2,worth,มีค่า,worth.webp
140,A2,donate,บริจาค,donate.webp
140,A2,charity,การกุศล,charity.webp
140,A2,collect,เก็บรวบรวม,collect.webp
140,A2,volunteer,อาสาสมัคร,volunteer.webp
140,A2,community,ชุมชน,community.webp
140,A2,thoughtful,คิดถึงผู้อื่น,thoughtful.webp
140,A2,value,คุณค่า,value.webp
142,A2,luggage,สัมภาระ,luggage.webp
142,A2,passport,หนังสือเดินทาง,passport.webp
142,A2,booking,การจอง,booking.webp
142,A2,departure,การออกเดินทาง,departure.webp
142,A2,route,เส้นทาง,route.webp
142,A2,abroad,ต่างประเทศ,abroad.webp
142,A2,tourist,นักท่องเที่ยว,tourist.webp
143,A2,railway,ทางรถไฟ,railway.webp
143,A2,platform,ชานชาลา,platform.webp
143,A2,carriage,ตู้โดยสาร,carriage.webp
143,A2,delay,ความล่าช้า,delay.webp
143,A2,seatbelt,เข็มขัดนิรภัย,seatbelt.webp
143,A2,aisle,ทางเดินระหว่างที่นั่ง,aisle.webp
143,A2,voyage,การเดินทางไกล,voyage.webp
144,A2,coast,ชายฝั่ง,coast.webp
144,A2,island,เกาะ,island.webp
144,A2,horizon,เส้นขอบฟ้า,horizon.webp
144,A2,shell,เปลือกหอย,shell.webp
144,A2,tide,กระแสน้ำขึ้นลง,tide.webp
144,A2,sail,แล่นเรือ,sail.webp
144,A2,seaside,ชายทะเล,seaside.webp
145,A2,palace,พระราชวัง,palace.webp
145,A2,landmark,สถานที่สำคัญ,landmark.webp
145,A2,desert,ทะเลทราย,desert.webp
145,A2,ancient,โบราณ,ancient.webp
145,A2,statue,รูปปั้น,statue.webp
145,A2,scenery,ทัศนียภาพ,scenery.webp
145,A2,amazing,น่าทึ่ง,amazing.webp
146,A2,culture,วัฒนธรรม,culture.webp
146,A2,language,ภาษา,language.webp
146,A2,custom,ธรรมเนียม,custom.webp
146,A2,tradition,ประเพณี,tradition.webp
146,A2,greeting,การทักทาย,greeting.webp
146,A2,admire,ชื่นชม,admire.webp
146,A2,eager,กระตือรือร้น,eager.webp
147,A2,postcard,โปสต์การ์ด,postcard.webp
147,A2,souvenir,ของที่ระลึก,souvenir.webp
147,A2,photograph,ภาพถ่าย,photograph.webp
147,A2,album,อัลบั้ม,album.webp
147,A2,scrapbook,สมุดติดภาพ,scrapbook.webp
147,A2,lifetime,ชั่วชีวิต,lifetime.webp
147,A2,farewell,การกล่าวลา,farewell.webp
149,A2,progress,ความก้าวหน้า,progress.webp
149,A2,confidence,ความมั่นใจ,confidence.webp
149,A2,fluent,คล่องแคล่ว,fluent.webp
149,A2,review,ทบทวน,review.webp
149,A2,mistake,ข้อผิดพลาด,mistake.webp
149,A2,practice,การฝึกฝน,practice.webp
149,A2,rejoice,ยินดีปรีดา,rejoice.webp
150,A2,challenge,ความท้าทาย,challenge.webp
150,A2,target,เป้าหมาย,target.webp
150,A2,effortless,ง่ายดาย,effortless.webp
150,A2,discipline,วินัย,discipline.webp
150,A2,persist,พากเพียร,persist.webp
150,A2,milestone,หมุดหมาย,milestone.webp
151,A2,relative,ญาติ,relative.webp
151,A2,cousin,ลูกพี่ลูกน้อง,cousin.webp
151,A2,aunt,ป้า/น้า,aunt.webp
151,A2,uncle,ลุง/อา,uncle.webp
151,A2,grandparent,ปู่ย่าตายาย,grandparent.webp
151,A2,twin,ฝาแฝด,twin.webp
151,A2,nephew,หลานชาย,nephew.webp
152,A2,household,ครัวเรือน,household.webp
152,A2,chore,งานบ้าน,chore.webp
152,A2,sweep,กวาด,sweep.webp
152,A2,dust,ปัดฝุ่น,dust.webp
152,A2,laundry,ผ้าที่ต้องซัก,laundry.webp
152,A2,iron,รีดผ้า,iron.webp
152,A2,repair,ซ่อม,repair.webp
153,A2,furniture,เฟอร์นิเจอร์,furniture.webp
153,A2,cupboard,ตู้,cupboard.webp
153,A2,drawer,ลิ้นชัก,drawer.webp
153,A2,curtain,ผ้าม่าน,curtain.webp
153,A2,carpet,พรม,carpet.webp
153,A2,ceiling,เพดาน,ceiling.webp
153,A2,balcony,ระเบียง,balcony.webp
154,A2,neighbourhood,ละแวกบ้าน,neighbourhood.webp
154,A2,apartment,อพาร์ตเมนต์,apartment.webp
154,A2,rent,ค่าเช่า,rent.webp
154,A2,landlord,เจ้าของบ้านเช่า,landlord.webp
154,A2,corridor,ทางเดิน,corridor.webp
154,A2,lift,ลิฟต์,lift.webp
154,A2,resident,ผู้อยู่อาศัย,resident.webp
155,A2,collection,คอลเลกชัน,collection.webp
155,A2,model,โมเดล,model.webp
155,A2,chess,หมากรุก,chess.webp
155,A2,sketch,ภาพร่าง,sketch.webp
155,A2,pottery,เครื่องปั้นดินเผา,pottery.webp
155,A2,knit,ถัก,knit.webp
155,A2,sew,เย็บ,sew.webp
156,A2,melody,ทำนอง,melody.webp
156,A2,rhythm,จังหวะ,rhythm.webp
156,A2,perform,แสดง,perform.webp
156,A2,stage,เวที,stage.webp
156,A2,audience,ผู้ชม,audience.webp
156,A2,rehearse,ซ้อม,rehearse.webp
156,A2,costume,ชุดแสดง,costume.webp
158,A2,theatre,โรงละคร,theatre.webp
158,A2,script,บทละคร,script.webp
158,A2,character,ตัวละคร,character.webp
158,A2,scene,ฉาก,scene.webp
158,A2,director,ผู้กำกับ,director.webp
158,A2,applause,เสียงปรบมือ,applause.webp
158,A2,anxious,กังวล,anxious.webp
159,A2,channel,ช่อง,channel.webp
159,A2,programme,รายการ,programme.webp
159,A2,broadcast,ออกอากาศ,broadcast.webp
159,A2,interview,สัมภาษณ์,interview.webp
159,A2,advert,โฆษณา,advert.webp
159,A2,remote,รีโมต,remote.webp
159,A2,viewer,ผู้ชมทางบ้าน,viewer.webp
160,A2,headline,พาดหัวข่าว,headline.webp
160,A2,article,บทความ,article.webp
160,A2,journalist,นักข่าว,journalist.webp
160,A2,report,รายงาน,report.webp
160,A2,source,แหล่งข้อมูล,source.webp
160,A2,rumour,ข่าวลือ,rumour.webp
160,A2,verify,ตรวจสอบให้แน่ใจ,verify.webp
161,A2,message,ข้อความ,message.webp
161,A2,reply,ตอบกลับ,reply.webp
161,A2,attach,แนบไฟล์,attach.webp
161,A2,delete,ลบ,delete.webp
161,A2,download,ดาวน์โหลด,download.webp
161,A2,upload,อัปโหลด,upload.webp
161,A2,notification,การแจ้งเตือน,notification.webp
162,A2,profile,โปรไฟล์,profile.webp
162,A2,privacy,ความเป็นส่วนตัว,privacy.webp
162,A2,username,ชื่อผู้ใช้,username.webp
162,A2,stranger,คนแปลกหน้า,stranger.webp
162,A2,restrict,จำกัดการเข้าถึง,restrict.webp
162,A2,alert,แจ้งเตือน,alert.webp
162,A2,secure,ปลอดภัย,secure.webp
163,A2,limit,ขีดจำกัด,limit.webp
163,A2,device,อุปกรณ์,device.webp
163,A2,outdoor,กลางแจ้ง,outdoor.webp
163,A2,restless,อยู่ไม่สุข,restless.webp
163,A2,creative,สร้างสรรค์,creative.webp
163,A2,offline,ออฟไลน์,offline.webp
163,A2,mindful,รู้ตัว,mindful.webp
165,A2,honesty,ความซื่อสัตย์,honesty.webp
165,A2,truth,ความจริง,truth.webp
165,A2,admit,ยอมรับ,admit.webp
165,A2,excuse,ข้ออ้าง,excuse.webp
165,A2,cheat,โกง,cheat.webp
165,A2,conscience,มโนธรรม,conscience.webp
165,A2,genuine,จริงแท้,genuine.webp
166,A2,courage,ความกล้าหาญ,courage.webp
166,A2,fearful,หวาดกลัว,fearful.webp
166,A2,attempt,พยายามทำ,attempt.webp
166,A2,overcome,เอาชนะ,overcome.webp
166,A2,bold,กล้า,bold.webp
166,A2,shield,ปกป้อง,shield.webp
166,A2,hero,วีรบุรุษ,hero.webp
167,A2,fairness,ความยุติธรรม,fairness.webp
167,A2,equal,เท่าเทียม,equal.webp
167,A2,rotation,การผลัดเปลี่ยน,rotation.webp
167,A2,unfair,ไม่ยุติธรรม,unfair.webp
167,A2,agree,เห็นด้วย,agree.webp
167,A2,settle,ยุติข้อขัดแย้ง,settle.webp
167,A2,referee,กรรมการ,referee.webp
168,A2,gratitude,ความกตัญญู,gratitude.webp
168,A2,appreciate,ซาบซึ้ง,appreciate.webp
168,A2,blessing,สิ่งดีที่ได้รับ,blessing.webp
168,A2,modest,ถ่อมตน,modest.webp
168,A2,credit,การให้เครดิต,credit.webp
168,A2,lowly,ถ่อมตัว,lowly.webp
168,A2,recall,นึกถึง,recall.webp
169,A2,responsible,มีความรับผิดชอบ,responsible.webp
169,A2,duty,หน้าที่,duty.webp
169,A2,offer,เสนอ,offer.webp
169,A2,assist,ช่วยเหลือ,assist.webp
169,A2,elderly,ผู้สูงอายุ,elderly.webp
169,A2,deliver,นำไปส่ง,deliver.webp
169,A2,deed,การกระทำ,deed.webp
170,A2,teamwork,การทำงานเป็นทีม,teamwork.webp
170,A2,captain,หัวหน้าทีม,captain.webp
170,A2,motivate,สร้างแรงจูงใจ,motivate.webp
170,A2,cooperate,ร่วมมือ,cooperate.webp
170,A2,victory,ชัยชนะ,victory.webp
170,A2,defeat,ความพ่ายแพ้,defeat.webp
170,A2,spirit,จิตใจ,spirit.webp
172,A2,nation,ประเทศชาติ,nation.webp
172,A2,capital,เมืองหลวง,capital.webp
172,A2,citizen,พลเมือง,citizen.webp
172,A2,border,ชายแดน,border.webp
172,A2,province,จังหวัด,province.webp
172,A2,heritage,มรดกวัฒนธรรม,heritage.webp
172,A2,anthem,เพลงชาติ,anthem.webp
173,A2,region,ภูมิภาค,region.webp
173,A2,northern,ทางเหนือ,northern.webp
173,A2,southern,ทางใต้,southern.webp
173,A2,tropical,เขตร้อน,tropical.webp
173,A2,climate,ภูมิอากาศ,climate.webp
173,A2,plain,ที่ราบ,plain.webp
173,A2,vast,กว้างใหญ่,vast.webp
174,A2,species,สายพันธุ์,species.webp
174,A2,endangered,ใกล้สูญพันธุ์,endangered.webp
174,A2,habitat,ถิ่นอาศัย,habitat.webp
174,A2,hunt,ล่า,hunt.webp
174,A2,rescue,ช่วยชีวิต,rescue.webp
174,A2,reserve,เขตอนุรักษ์,reserve.webp
174,A2,survive,อยู่รอด,survive.webp
175,A2,adopt,รับมาเลี้ยง,adopt.webp
175,A2,shelter,ที่พักพิงสัตว์,shelter.webp
175,A2,paw,อุ้งเท้า,paw.webp
175,A2,fur,ขนสัตว์,fur.webp
175,A2,stray,สัตว์จรจัด,stray.webp
175,A2,vet,สัตวแพทย์,vet.webp
175,A2,devoted,ทุ่มเท ผูกพัน,devoted.webp
176,A2,peace,สันติภาพ,peace.webp
176,A2,conflict,ความขัดแย้ง,conflict.webp
176,A2,solve,แก้ปัญหา,solve.webp
176,A2,unite,รวมเป็นหนึ่ง,unite.webp
176,A2,embrace,โอบรับ,embrace.webp
176,A2,difference,ความแตกต่าง,difference.webp
176,A2,calmly,อย่างใจเย็น,calmly.webp
177,A2,global,ระดับโลก,global.webp
177,A2,connect,เชื่อมโยง,connect.webp
177,A2,swap,แลกกัน,swap.webp
177,A2,worldwide,ทั่วโลก,worldwide.webp
177,A2,citizenship,ความเป็นพลเมือง,citizenship.webp
177,A2,generation,คนรุ่นต่อไป,generation.webp
177,A2,together,ด้วยกัน,together.webp
179,A2,graduate,จบการศึกษา,graduate.webp
179,A2,certificate,ใบประกาศ,certificate.webp
179,A2,mentor,ผู้ชี้แนะ,mentor.webp
179,A2,inspire,สร้างแรงบันดาลใจ,inspire.webp
179,A2,potential,ศักยภาพ,potential.webp
179,A2,achievement,ความสำเร็จ,achievement.webp
179,A2,onward,มุ่งไปข้างหน้า,onward.webp
180,A2,beyond,เลยไปกว่านั้น,beyond.webp
180,A2,intermediate,ระดับกลาง,intermediate.webp
180,A2,opinion,ความคิดเห็น,opinion.webp
180,A2,express,แสดงออก,express.webp
180,A2,paragraph,ย่อหน้า,paragraph.webp
180,A2,fluency,ความคล่อง,fluency.webp
180,A2,expedition,การเดินทางสำรวจ,expedition.webp
181,B1,debate,การโต้วาที,debate.webp
181,B1,viewpoint,มุมมอง,viewpoint.webp
181,B1,disagree,ไม่เห็นด้วย,disagree.webp
181,B1,persuade,โน้มน้าว,persuade.webp
181,B1,claim,อ้างว่า,claim.webp
181,B1,reasonable,สมเหตุสมผล,reasonable.webp
181,B1,perspective,แง่มุม,perspective.webp
181,B1,respectful,ให้เกียรติ,respectful.webp
182,B1,evidence,หลักฐาน,evidence.webp
182,B1,logic,ตรรกะ,logic.webp
182,B1,assume,สันนิษฐาน,assume.webp
182,B1,justify,ให้เหตุผลสนับสนุน,justify.webp
182,B1,obvious,ชัดเจน,obvious.webp
182,B1,doubtful,น่าสงสัย,doubtful.webp
182,B1,conclude,สรุป,conclude.webp
182,B1,clarify,ทำให้กระจ่าง,clarify.webp
183,B1,alternative,ทางเลือก,alternative.webp
183,B1,consider,พิจารณา,consider.webp
183,B1,consequence,ผลที่ตามมา,consequence.webp
183,B1,outcome,ผลลัพธ์,outcome.webp
183,B1,likely,น่าจะเป็น,likely.webp
183,B1,unlikely,ไม่น่าเป็นไปได้,unlikely.webp
183,B1,compromise,ประนีประนอม,compromise.webp
183,B1,decision,การตัดสินใจ,decision.webp
184,B1,experiment,การทดลอง,experiment.webp
184,B1,hypothesis,สมมติฐาน,hypothesis.webp
184,B1,observe,สังเกต,observe.webp
184,B1,measure,วัด,measure.webp
184,B1,data,ข้อมูล,data.webp
184,B1,laboratory,ห้องปฏิบัติการ,laboratory.webp
184,B1,microscope,กล้องจุลทรรศน์,microscope.webp
184,B1,record,บันทึก,record.webp
185,B1,invention,สิ่งประดิษฐ์,invention.webp
185,B1,engineer,วิศวกร,engineer.webp
185,B1,circuit,วงจรไฟฟ้า,circuit.webp
185,B1,electricity,ไฟฟ้า,electricity.webp
185,B1,battery,แบตเตอรี่,battery.webp
185,B1,solar,พลังแสงอาทิตย์,solar.webp
185,B1,renewable,หมุนเวียนได้,renewable.webp
185,B1,function,ทำงาน,function.webp
186,B1,orbit,วงโคจร,orbit.webp
186,B1,satellite,ดาวเทียม,satellite.webp
186,B1,gravity,แรงโน้มถ่วง,gravity.webp
186,B1,telescope,กล้องดูดาว,telescope.webp
186,B1,galaxy,กาแล็กซี,galaxy.webp
186,B1,astronaut,นักบินอวกาศ,astronaut.webp
186,B1,mission,ภารกิจ,mission.webp
186,B1,universe,จักรวาล,universe.webp
188,B1,career,อาชีพระยะยาว,career.webp
188,B1,profession,วิชาชีพ,profession.webp
188,B1,salary,เงินเดือน,salary.webp
188,B1,skill,ทักษะ,skill.webp
188,B1,qualification,คุณสมบัติ,qualification.webp
188,B1,apply,สมัคร,apply.webp
188,B1,employer,นายจ้าง,employer.webp
188,B1,ambition,ความมุ่งมั่น,ambition.webp
189,B1,appointment,การนัดหมาย,appointment.webp
189,B1,punctual,ตรงต่อเวลา,punctual.webp
189,B1,impression,ความประทับใจ,impression.webp
189,B1,experience,ประสบการณ์,experience.webp
189,B1,strength,จุดแข็ง,strength.webp
189,B1,weakness,จุดอ่อน,weakness.webp
189,B1,frankly,อย่างตรงไปตรงมา,frankly.webp
189,B1,assurance,ความเชื่อมั่น,assurance.webp
190,B1,colleague,เพื่อนร่วมงาน,colleague.webp
190,B1,manager,ผู้จัดการ,manager.webp
190,B1,deadline,กำหนดส่ง,deadline.webp
190,B1,meeting,การประชุม,meeting.webp
190,B1,update,อัปเดตความคืบหน้า,update.webp
190,B1,delegate,มอบหมายงาน,delegate.webp
190,B1,efficient,มีประสิทธิภาพ,efficient.webp
190,B1,dependable,ไว้วางใจได้,dependable.webp
191,B1,pollute,ทำให้เป็นมลพิษ,pollute.webp
191,B1,emission,การปล่อยมลพิษ,emission.webp
191,B1,resource,ทรัพยากร,resource.webp
191,B1,consume,บริโภค,consume.webp
191,B1,shortage,การขาดแคลน,shortage.webp
191,B1,sustainable,ยั่งยืน,sustainable.webp
191,B1,impact,ผลกระทบ,impact.webp
191,B1,urgent,เร่งด่วน,urgent.webp
192,B1,carbon,คาร์บอน,carbon.webp
192,B1,drought,ภัยแล้ง,drought.webp
192,B1,erosion,การกัดเซาะ,erosion.webp
192,B1,deforestation,การตัดไม้ทำลายป่า,deforestation.webp
192,B1,threaten,คุกคาม,threaten.webp
192,B1,extreme,รุนแรงสุดขั้ว,extreme.webp
192,B1,adapt,ปรับตัว,adapt.webp
192,B1,predict,ทำนาย,predict.webp
193,B1,campaign,การรณรงค์,campaign.webp
193,B1,awareness,การตระหนักรู้,awareness.webp
193,B1,reduce,ลดลง,reduce.webp
193,B1,petition,คำร้อง,petition.webp
193,B1,activist,นักกิจกรรม,activist.webp
193,B1,influence,อิทธิพล,influence.webp
193,B1,commit,ให้คำมั่น,commit.webp
193,B1,lasting,ที่คงอยู่,lasting.webp
195,B1,novel,นวนิยาย,novel.webp
195,B1,author,ผู้แต่ง,author.webp
195,B1,chapter,บท,chapter.webp
195,B1,plot,โครงเรื่อง,plot.webp
195,B1,fiction,เรื่องแต่ง,fiction.webp
195,B1,narrator,ผู้เล่าเรื่อง,narrator.webp
195,B1,genre,ประเภทวรรณกรรม,genre.webp
195,B1,summary,บทสรุป,summary.webp
196,B1,poetry,บทกวี,poetry.webp
196,B1,rhyme,สัมผัสคำ,rhyme.webp
196,B1,metaphor,อุปมาอุปไมย,metaphor.webp
196,B1,imagination,จินตนาการ,imagination.webp
196,B1,vivid,ชัดเจนมีชีวิตชีวา,vivid.webp
196,B1,describe,บรรยาย,describe.webp
196,B1,emotion,อารมณ์ความรู้สึก,emotion.webp
196,B1,original,มีเอกลักษณ์,original.webp
197,B1,legend,ตำนาน,legend.webp
197,B1,myth,เทพนิยาย,myth.webp
197,B1,ancestor,บรรพบุรุษ,ancestor.webp
197,B1,moral,ข้อคิดสอนใจ,moral.webp
197,B1,wisdom,ปัญญา,wisdom.webp
197,B1,symbol,สัญลักษณ์,symbol.webp
197,B1,folklore,คติชนพื้นบ้าน,folklore.webp
197,B1,preserve,อนุรักษ์,preserve.webp
198,B1,identity,ตัวตน,identity.webp
198,B1,personality,บุคลิกภาพ,personality.webp
198,B1,introvert,คนชอบอยู่เงียบ,introvert.webp
198,B1,extrovert,คนชอบเข้าสังคม,extrovert.webp
198,B1,unique,ไม่เหมือนใคร,unique.webp
198,B1,assured,เชื่อมั่นในตัวเอง,assured.webp
198,B1,doubt,สงสัยในตัวเอง,doubt.webp
198,B1,discovery,การค้นพบ,discovery.webp
199,B1,empathy,ความเห็นอกเห็นใจ,empathy.webp
199,B1,anxiety,ความวิตกกังวล,anxiety.webp
199,B1,temper,อารมณ์ร้อน,temper.webp
199,B1,reflect,ใคร่ครวญ,reflect.webp
199,B1,confide,ระบายความในใจ,confide.webp
199,B1,reassure,ทำให้อุ่นใจ,reassure.webp
199,B1,overwhelm,ท่วมท้นจนรับไม่ไหว,overwhelm.webp
199,B1,resilience,ความยืดหยุ่นทางใจ,resilience.webp
200,B1,maturity,วุฒิภาวะ,maturity.webp
200,B1,independence,ความเป็นตัวของตัวเอง,independence.webp
200,B1,teenager,วัยรุ่น,teenager.webp
200,B1,guardian,ผู้ปกครอง,guardian.webp
200,B1,setback,อุปสรรค,setback.webp
200,B1,privilege,สิทธิพิเศษ,privilege.webp
200,B1,boundary,ขอบเขต,boundary.webp
200,B1,gradually,ทีละน้อย,gradually.webp
202,B1,digital,ดิจิทัล,digital.webp
202,B1,software,ซอฟต์แวร์,software.webp
202,B1,hardware,ฮาร์ดแวร์,hardware.webp
202,B1,network,เครือข่าย,network.webp
202,B1,database,ฐานข้อมูล,database.webp
202,B1,virtual,เสมือนจริง,virtual.webp
202,B1,website,เว็บไซต์,website.webp
202,B1,access,เข้าถึง,access.webp
203,B1,coding,การเขียนโปรแกรม,coding.webp
203,B1,algorithm,อัลกอริทึม,algorithm.webp
203,B1,command,คำสั่ง,command.webp
203,B1,loop,การวนซ้ำ,loop.webp
203,B1,debug,แก้จุดบกพร่อง,debug.webp
203,B1,logical,เป็นเหตุเป็นผล,logical.webp
203,B1,output,ผลลัพธ์ที่ได้,output.webp
203,B1,sequence,ลำดับขั้น,sequence.webp
204,B1,artificial,ประดิษฐ์ขึ้น,artificial.webp
204,B1,automation,ระบบอัตโนมัติ,automation.webp
204,B1,innovate,สร้างนวัตกรรม,innovate.webp
204,B1,replace,แทนที่,replace.webp
204,B1,collaborate,ทำงานร่วมกัน,collaborate.webp
204,B1,ethical,มีจริยธรรม,ethical.webp
204,B1,rely,พึ่งพา,rely.webp
204,B1,opportunity,โอกาส,opportunity.webp
205,B1,contribute,มีส่วนร่วม,contribute.webp
205,B1,fundraise,ระดมทุน,fundraise.webp
205,B1,participant,ผู้เข้าร่วม,participant.webp
205,B1,organise,จัดการ,organise.webp
205,B1,cause,จุดมุ่งหมายเพื่อสังคม,cause.webp
205,B1,impactful,มีผลกระทบสูง,impactful.webp
205,B1,generosity,ความเอื้อเฟื้อ,generosity.webp
205,B1,selfless,ไม่เห็นแก่ตัว,selfless.webp
206,B1,leadership,ภาวะผู้นำ,leadership.webp
206,B1,initiative,ความคิดริเริ่ม,initiative.webp
206,B1,motivating,สร้างแรงจูงใจ,motivating.webp
206,B1,modesty,ความถ่อมตน,modesty.webp
206,B1,accountable,รับผิดชอบผลลัพธ์,accountable.webp
206,B1,vision,วิสัยทัศน์,vision.webp
206,B1,example,แบบอย่าง,example.webp
206,B1,empower,เสริมพลังให้ผู้อื่น,empower.webp
208,B1,accomplish,ทำสำเร็จ,accomplish.webp
208,B1,threshold,จุดเริ่มต้นใหม่,threshold.webp
208,B1,revise,ทบทวน,revise.webp
208,B1,steadily,อย่างสม่ำเสมอ,steadily.webp
208,B1,capable,มีความสามารถ,capable.webp
208,B1,proficiency,ความชำนาญ,proficiency.webp
208,B1,pathway,เส้นทาง,pathway.webp
208,B1,onwards,ต่อไปข้างหน้า,onwards.webp
209,B1,advanced,ระดับสูง,advanced.webp
209,B1,complexity,ความซับซ้อน,complexity.webp
209,B1,nuance,ความละเอียดอ่อนของภาษา,nuance.webp
209,B1,idiom,สำนวน,idiom.webp
209,B1,argument,การให้เหตุผล,argument.webp
209,B1,essay,เรียงความ,essay.webp
209,B1,persevere,พากเพียร,persevere.webp
209,B1,mastery,ความเชี่ยวชาญ,mastery.webp
210,B1,consistent,สม่ำเสมอ,consistent.webp
210,B1,breakthrough,ความก้าวกระโดด,breakthrough.webp
210,B1,momentum,แรงส่ง,momentum.webp
210,B1,determined,มุ่งมั่น,determined.webp
210,B1,stamina,ความอึด,stamina.webp
210,B1,ultimate,สูงสุด,ultimate.webp
210,B1,proudly,อย่างภาคภูมิ,proudly.webp
210,B1,renew,เริ่มใหม่,renew.webp
211,B1,century,ศตวรรษ,century.webp
211,B1,decade,ทศวรรษ,decade.webp
211,B1,era,ยุคสมัย,era.webp
211,B1,empire,จักรวรรดิ,empire.webp
211,B1,kingdom,อาณาจักร,kingdom.webp
211,B1,dynasty,ราชวงศ์,dynasty.webp
211,B1,timeline,เส้นเวลา,timeline.webp
211,B1,modern,สมัยใหม่,modern.webp
212,B1,archaeology,โบราณคดี,archaeology.webp
212,B1,artefact,โบราณวัตถุ,artefact.webp
212,B1,excavate,ขุดค้น,excavate.webp
212,B1,ruins,ซากปรักหักพัง,ruins.webp
212,B1,civilisation,อารยธรรม,civilisation.webp
212,B1,buried,ถูกฝัง,buried.webp
212,B1,fragile,เปราะบาง,fragile.webp
212,B1,reveal,เปิดเผย,reveal.webp
213,B1,conquer,พิชิต,conquer.webp
213,B1,revolution,การปฏิวัติ,revolution.webp
213,B1,monument,อนุสาวรีย์,monument.webp
213,B1,interpret,ตีความ,interpret.webp
213,B1,bias,ความลำเอียง,bias.webp
213,B1,narrative,เรื่องเล่าประวัติศาสตร์,narrative.webp
213,B1,repeat,ทำซ้ำ,repeat.webp
213,B1,gradual,ค่อยเป็นค่อยไป,gradual.webp
214,B1,parade,ขบวนแห่,parade.webp
214,B1,lantern,โคมไฟ,lantern.webp
214,B1,offering,เครื่องบูชา,offering.webp
214,B1,ritual,พิธีกรรม,ritual.webp
214,B1,attire,เครื่องแต่งกาย,attire.webp
214,B1,procession,ขบวน,procession.webp
214,B1,firework,พลุ,firework.webp
214,B1,assemble,มาชุมนุมกัน,assemble.webp
215,B1,ancestry,บรรพชน,ancestry.webp
215,B1,inherit,สืบทอด,inherit.webp
215,B1,heirloom,ของตกทอด,heirloom.webp
215,B1,gathering,การรวมตัว,gathering.webp
215,B1,devotion,ความเคารพรัก,devotion.webp
215,B1,storytelling,การเล่าเรื่อง,storytelling.webp
215,B1,keepsake,ของที่เก็บไว้,keepsake.webp
215,B1,meaningful,มีความหมาย,meaningful.webp
216,B1,athlete,นักกีฬา,athlete.webp
216,B1,tournament,การแข่งขัน,tournament.webp
216,B1,opponent,คู่แข่ง,opponent.webp
216,B1,tactic,กลยุทธ์,tactic.webp
216,B1,endurance,ความอดทน,endurance.webp
216,B1,spectator,ผู้ชมการแข่ง,spectator.webp
216,B1,stadium,สนามกีฬา,stadium.webp
216,B1,sportsmanship,น้ำใจนักกีฬา,sportsmanship.webp
218,B1,blockbuster,หนังทำเงิน,blockbuster.webp
218,B1,producer,ผู้อำนวยการสร้าง,producer.webp
218,B1,soundtrack,เพลงประกอบ,soundtrack.webp
218,B1,critic,นักวิจารณ์,critic.webp
218,B1,rating,คะแนนวิจารณ์,rating.webp
218,B1,premiere,รอบปฐมทัศน์,premiere.webp
218,B1,animation,แอนิเมชัน,animation.webp
218,B1,overrated,ดังเกินจริง,overrated.webp
219,B1,backstage,หลังเวที,backstage.webp
219,B1,spotlight,ไฟส่องเวที,spotlight.webp
219,B1,crew,ทีมงาน,crew.webp
219,B1,takes,การถ่ายซ้ำ,takes.webp
219,B1,editing,การตัดต่อ,editing.webp
219,B1,effect,เทคนิคพิเศษ,effect.webp
219,B1,makeup,การแต่งหน้า,makeup.webp
219,B1,exhausting,เหนื่อยมาก,exhausting.webp
220,B1,celebrity,คนดัง,celebrity.webp
220,B1,fame,ชื่อเสียง,fame.webp
220,B1,autograph,ลายเซ็น,autograph.webp
220,B1,paparazzi,ช่างภาพตามติด,paparazzi.webp
220,B1,pressure,ความกดดัน,pressure.webp
220,B1,gossip,ข่าวซุบซิบ,gossip.webp
220,B1,boundaries,ขอบเขตส่วนตัว,boundaries.webp
220,B1,ordinary,ธรรมดา,ordinary.webp
221,B1,series,ซีรีส์,series.webp
221,B1,episode,ตอน,episode.webp
221,B1,documentary,สารคดี,documentary.webp
221,B1,subscribe,สมัครสมาชิก,subscribe.webp
221,B1,binge,ดูรวดเดียว,binge.webp
221,B1,recommend,แนะนำ,recommend.webp
221,B1,addictive,ทำให้ติด,addictive.webp
221,B1,moderation,ความพอดี,moderation.webp
222,B1,income,รายได้,income.webp
222,B1,expense,รายจ่าย,expense.webp
222,B1,invest,ลงทุน,invest.webp
222,B1,interest,ดอกเบี้ย,interest.webp
222,B1,debt,หนี้,debt.webp
222,B1,inflation,เงินเฟ้อ,inflation.webp
222,B1,economy,เศรษฐกิจ,economy.webp
222,B1,budgeting,การวางแผนการเงิน,budgeting.webp
223,B1,equality,ความเท่าเทียม,equality.webp
223,B1,chance,โอกาส,chance.webp
223,B1,poverty,ความยากจน,poverty.webp
223,B1,schooling,การได้เรียนหนังสือ,schooling.webp
223,B1,discriminate,เลือกปฏิบัติ,discriminate.webp
223,B1,justice,ความยุติธรรม,justice.webp
223,B1,welfare,สวัสดิการ,welfare.webp
223,B1,dignity,ศักดิ์ศรี,dignity.webp
225,B1,architecture,สถาปัตยกรรม,architecture.webp
225,B1,structure,โครงสร้าง,structure.webp
225,B1,foundation,ฐานราก,foundation.webp
225,B1,concrete,คอนกรีต,concrete.webp
225,B1,beam,คาน,beam.webp
225,B1,blueprint,แบบแปลน,blueprint.webp
225,B1,construct,ก่อสร้าง,construct.webp
225,B1,skyscraper,ตึกระฟ้า,skyscraper.webp
226,B1,urban,ในเมือง,urban.webp
226,B1,rural,ชนบท,rural.webp
226,B1,population,ประชากร,population.webp
226,B1,migrate,ย้ายถิ่น,migrate.webp
226,B1,suburb,ชานเมือง,suburb.webp
226,B1,noise,เสียงรบกวน,noise.webp
226,B1,convenience,ความสะดวก,convenience.webp
226,B1,anonymous,ไม่มีใครรู้จัก,anonymous.webp
227,B1,infrastructure,โครงสร้างพื้นฐาน,infrastructure.webp
227,B1,commute,เดินทางไปทำงาน,commute.webp
227,B1,congestion,การจราจรติดขัด,congestion.webp
227,B1,pedestrian,คนเดินเท้า,pedestrian.webp
227,B1,cyclist,คนขี่จักรยาน,cyclist.webp
227,B1,subway,รถไฟใต้ดิน,subway.webp
227,B1,service,บริการเดินรถ,service.webp
227,B1,punctuality,การตรงเวลา,punctuality.webp
228,B1,organic,ปลอดสารเคมี,organic.webp
228,B1,processed,ผ่านการแปรรูป,processed.webp
228,B1,additive,สารเจือปน,additive.webp
228,B1,preservative,สารกันเสีย,preservative.webp
228,B1,calorie,แคลอรี,calorie.webp
228,B1,vegetarian,มังสวิรัติ,vegetarian.webp
228,B1,allergy,ภูมิแพ้,allergy.webp
228,B1,digest,ย่อยอาหาร,digest.webp
229,B1,immune,ภูมิคุ้มกัน,immune.webp
229,B1,metabolism,การเผาผลาญ,metabolism.webp
229,B1,appetite,ความอยากอาหาร,appetite.webp
229,B1,posture,ท่าทาง,posture.webp
229,B1,hydrate,ดื่มน้ำให้พอ,hydrate.webp
229,B1,recovery,การฟื้นตัว,recovery.webp
229,B1,mindfulness,การมีสติ,mindfulness.webp
229,B1,burnout,ภาวะหมดไฟ,burnout.webp
230,B1,emotional,ทางอารมณ์,emotional.webp
230,B1,counsellor,ผู้ให้คำปรึกษา,counsellor.webp
230,B1,therapy,การบำบัด,therapy.webp
230,B1,stigma,ตราบาปทางสังคม,stigma.webp
230,B1,cope,รับมือ,cope.webp
230,B1,vulnerable,เปราะบาง,vulnerable.webp
230,B1,openness,การเปิดใจ,openness.webp
230,B1,heal,เยียวยา,heal.webp
232,B1,inclusion,การอยู่ร่วมกัน,inclusion.webp
232,B1,diversity,ความหลากหลาย,diversity.webp
232,B1,belong,เป็นส่วนหนึ่ง,belong.webp
232,B1,prejudice,อคติ,prejudice.webp
232,B1,stereotype,ภาพเหมารวม,stereotype.webp
232,B1,tolerance,ความอดกลั้น,tolerance.webp
232,B1,hospitality,การต้อนรับ,hospitality.webp
232,B1,atmosphere,บรรยากาศ,atmosphere.webp
233,B1,accessible,เข้าถึงได้,accessible.webp
233,B1,ramp,ทางลาด,ramp.webp
233,B1,wheelchair,รถเข็น,wheelchair.webp
233,B1,braille,อักษรเบรลล์,braille.webp
233,B1,gesture,ท่าทางสื่อสาร,gesture.webp
233,B1,adjust,ปรับเปลี่ยน,adjust.webp
233,B1,independent,พึ่งตนเองได้,independent.webp
233,B1,universal,ใช้ได้กับทุกคน,universal.webp
234,B1,volunteering,การเป็นอาสาสมัคร,volunteering.webp
234,B1,mentorship,การเป็นพี่เลี้ยง,mentorship.webp
234,B1,refuge,ที่พักพิง,refuge.webp
234,B1,donation,สิ่งของบริจาค,donation.webp
234,B1,homeless,ไร้ที่อยู่,homeless.webp
234,B1,outreach,การออกช่วยเหลือ,outreach.webp
234,B1,compassion,ความเมตตา,compassion.webp
234,B1,ongoing,ต่อเนื่อง,ongoing.webp
235,B1,refugee,ผู้ลี้ภัย,refugee.webp
235,B1,resettle,ตั้งถิ่นฐานใหม่,resettle.webp
235,B1,barrier,อุปสรรค,barrier.webp
235,B1,paperwork,เอกสารราชการ,paperwork.webp
235,B1,homesick,คิดถึงบ้าน,homesick.webp
235,B1,integrate,ปรับตัวเข้ากับสังคม,integrate.webp
235,B1,translator,ล่ามแปลภาษา,translator.webp
235,B1,perseverance,ความอดทนมุ่งมั่น,perseverance.webp
236,B1,bully,กลั่นแกล้ง,bully.webp
236,B1,bystander,ผู้เห็นเหตุการณ์,bystander.webp
236,B1,intervene,เข้าไปห้าม,intervene.webp
236,B1,inform,แจ้งให้ทราบ,inform.webp
236,B1,victim,ผู้ถูกกระทำ,victim.webp
236,B1,accountability,ความรับผิดชอบ,accountability.webp
236,B1,courageous,กล้าหาญ,courageous.webp
236,B1,solidarity,ความเป็นน้ำหนึ่งใจเดียว,solidarity.webp
237,B1,seedling,ต้นกล้า,seedling.webp
237,B1,ripple,ผลกระทบต่อเนื่อง,ripple.webp
237,B1,ethos,ค่านิยมร่วม,ethos.webp
237,B1,multiply,ทวีคูณ,multiply.webp
237,B1,sustain,รักษาไว้ต่อเนื่อง,sustain.webp
237,B1,evaluate,ประเมินผล,evaluate.webp
237,B1,legacy,มรดกที่ทิ้งไว้,legacy.webp
237,B1,humility,ความถ่อมตน,humility.webp
239,B1,halfway,ครึ่งทาง,halfway.webp
239,B1,sustained,ต่อเนื่องยาวนาน,sustained.webp
239,B1,vocabulary,คลังคำศัพท์,vocabulary.webp
239,B1,comprehension,ความเข้าใจ,comprehension.webp
239,B1,accuracy,ความถูกต้อง,accuracy.webp
239,B1,spontaneous,เป็นธรรมชาติทันที,spontaneous.webp
239,B1,plateau,ช่วงที่ไม่ก้าวหน้า,plateau.webp
239,B1,persistence,ความพากเพียร,persistence.webp
240,B1,remainder,ส่วนที่เหลือ,remainder.webp
240,B1,commitment,ความมุ่งมั่นผูกพัน,commitment.webp
240,B1,regularity,ความสม่ำเสมอ,regularity.webp
240,B1,measurable,วัดผลได้,measurable.webp
240,B1,incentive,สิ่งจูงใจ,incentive.webp
240,B1,integrity,ความซื่อตรง,integrity.webp
240,B1,anticipate,คาดหวังล่วงหน้า,anticipate.webp
240,B1,unstoppable,หยุดไม่อยู่,unstoppable.webp
241,B1,humanitarian,ด้านมนุษยธรรม,humanitarian.webp
241,B1,aid,ความช่วยเหลือ,aid.webp
241,B1,treaty,สนธิสัญญา,treaty.webp
241,B1,diplomacy,การทูต,diplomacy.webp
241,B1,negotiate,เจรจา,negotiate.webp
241,B1,alliance,พันธมิตร,alliance.webp
241,B1,summit,การประชุมสุดยอด,summit.webp
241,B1,cooperation,ความร่วมมือ,cooperation.webp
242,B1,displaced,ต้องพลัดถิ่น,displaced.webp
242,B1,famine,ทุพภิกขภัย,famine.webp
242,B1,scarcity,การขาดแคลน,scarcity.webp
242,B1,donor,ผู้บริจาค,donor.webp
242,B1,supply,เสบียง,supply.webp
242,B1,encampment,ค่ายที่พัก,encampment.webp
242,B1,necessity,สิ่งจำเป็น,necessity.webp
242,B1,relief,การบรรเทาทุกข์,relief.webp
243,B1,vaccine,วัคซีน,vaccine.webp
243,B1,pandemic,การระบาดใหญ่,pandemic.webp
243,B1,outbreak,การระบาด,outbreak.webp
243,B1,quarantine,การกักตัว,quarantine.webp
243,B1,symptom,อาการ,symptom.webp
243,B1,prevention,การป้องกัน,prevention.webp
243,B1,isolated,ห่างไกลผู้คน,isolated.webp
243,B1,equity,ความเป็นธรรม,equity.webp
244,B1,revision,การทบทวน,revision.webp
244,B1,technique,เทคนิค,technique.webp
244,B1,memorise,ท่องจำ,memorise.webp
244,B1,flashcard,บัตรคำ,flashcard.webp
244,B1,highlight,ไฮไลต์,highlight.webp
244,B1,annotate,จดโน้ตข้างเนื้อหา,annotate.webp
244,B1,repetition,การทำซ้ำ,repetition.webp
244,B1,effective,ได้ผล,effective.webp
245,B1,concentrate,จดจ่อ,concentrate.webp
245,B1,distraction,สิ่งรบกวน,distraction.webp
245,B1,procrastinate,ผัดวันประกันพรุ่ง,procrastinate.webp
245,B1,prioritise,จัดลำดับความสำคัญ,prioritise.webp
245,B1,interval,ช่วงพัก,interval.webp
245,B1,workspace,พื้นที่ทำงาน,workspace.webp
245,B1,willpower,กำลังใจกำลังความตั้งใจ,willpower.webp
245,B1,habitual,ที่ทำจนเป็นนิสัย,habitual.webp
246,B1,skim,อ่านผ่านเร็วๆ,skim.webp
246,B1,underline,ขีดเส้นใต้,underline.webp
246,B1,allocate,จัดสรร,allocate.webp
246,B1,estimate,ประมาณการ,estimate.webp
246,B1,guess,เดา,guess.webp
246,B1,proofread,ตรวจทาน,proofread.webp
246,B1,panic,ตื่นตระหนก,panic.webp
246,B1,composure,ความสงบนิ่ง,composure.webp
248,B1,prototype,ต้นแบบ,prototype.webp
248,B1,patent,สิทธิบัตร,patent.webp
248,B1,pitch,นำเสนอโครงการ,pitch.webp
248,B1,venture,กิจการใหม่,venture.webp
248,B1,investor,นักลงทุน,investor.webp
248,B1,feasible,เป็นไปได้จริง,feasible.webp
248,B1,refine,ขัดเกลาให้ดีขึ้น,refine.webp
248,B1,launch,เปิดตัว,launch.webp
249,B1,autonomous,ทำงานได้เอง,autonomous.webp
249,B1,sensor,เซนเซอร์,sensor.webp
249,B1,drone,โดรน,drone.webp
249,B1,quantum,ควอนตัม,quantum.webp
249,B1,genome,จีโนม,genome.webp
249,B1,biotech,ไบโอเทค,biotech.webp
249,B1,adaptable,ปรับตัวได้,adaptable.webp
249,B1,speculate,คาดการณ์,speculate.webp
250,B1,ethics,จริยธรรม,ethics.webp
250,B1,regulate,กำกับดูแล,regulate.webp
250,B1,consent,การยินยอม,consent.webp
250,B1,transparent,โปร่งใส,transparent.webp
250,B1,misuse,ใช้ในทางที่ผิด,misuse.webp
250,B1,oversight,การกำกับตรวจสอบ,oversight.webp
250,B1,discourse,การอภิปราย,discourse.webp
250,B1,stewardship,การดูแลอย่างรับผิดชอบ,stewardship.webp
251,B1,articulate,พูดชัดถ้อยชัดคำ,articulate.webp
251,B1,clarity,ความชัดเจน,clarity.webp
251,B1,pause,การหยุดเว้นจังหวะ,pause.webp
251,B1,emphasis,การเน้นย้ำ,emphasis.webp
251,B1,persuasion,การโน้มน้าว,persuasion.webp
251,B1,rehearsal,การซ้อมพูด,rehearsal.webp
251,B1,conciseness,ความกระชับ,conciseness.webp
251,B1,eloquent,พูดจับใจ,eloquent.webp
252,B1,attentive,ตั้งใจฟัง,attentive.webp
252,B1,paraphrase,พูดทวนด้วยคำตัวเอง,paraphrase.webp
252,B1,interrupt,ขัดจังหวะ,interrupt.webp
252,B1,presumption,การคิดไปเอง,presumption.webp
252,B1,curiosity,ความอยากรู้,curiosity.webp
252,B1,validate,ยอมรับความรู้สึก,validate.webp
252,B1,silence,ความเงียบ,silence.webp
252,B1,understanding,ความเข้าใจ,understanding.webp
253,B1,draft,ฉบับร่าง,draft.webp
253,B1,composition,การเรียบเรียง,composition.webp
253,B1,reasoning,การให้เหตุผล,reasoning.webp
253,B1,coherent,ต่อเนื่องเป็นเหตุเป็นผล,coherent.webp
253,B1,edit,แก้ไขต้นฉบับ,edit.webp
253,B1,formal,เป็นทางการ,formal.webp
253,B1,informal,ไม่เป็นทางการ,informal.webp
253,B1,readership,กลุ่มผู้อ่าน,readership.webp
255,B1,resume,ประวัติย่อสมัครงาน,resume.webp
255,B1,applicant,ผู้สมัคร,applicant.webp
255,B1,vacancy,ตำแหน่งว่าง,vacancy.webp
255,B1,shortlist,คัดเหลือรอบสุดท้าย,shortlist.webp
255,B1,recruit,รับคนเข้าทำงาน,recruit.webp
255,B1,reference,บุคคลอ้างอิง,reference.webp
255,B1,portfolio,แฟ้มผลงาน,portfolio.webp
255,B1,credential,หลักฐานคุณสมบัติ,credential.webp
256,B1,probation,ช่วงทดลองงาน,probation.webp
256,B1,supervisor,หัวหน้างาน,supervisor.webp
256,B1,apprentice,ผู้ฝึกงานฝีมือ,apprentice.webp
256,B1,trainee,ผู้เข้ารับการอบรม,trainee.webp
256,B1,shift,กะการทำงาน,shift.webp
256,B1,roster,ตารางเวร,roster.webp
256,B1,briefing,การชี้แจงงาน,briefing.webp
256,B1,diligent,ขยันขันแข็ง,diligent.webp
257,B1,workload,ปริมาณงาน,workload.webp
257,B1,streamline,ทำให้กระชับขึ้น,streamline.webp
257,B1,efficiency,ประสิทธิภาพ,efficiency.webp
257,B1,productivity,ผลิตภาพ,productivity.webp
257,B1,multitask,ทำหลายอย่างพร้อมกัน,multitask.webp
257,B1,postpone,เลื่อนออกไป,postpone.webp
257,B1,agenda,ระเบียบวาระ,agenda.webp
257,B1,minutes,บันทึกการประชุม,minutes.webp
258,B1,teammate,เพื่อนร่วมทีม,teammate.webp
258,B1,networking,การสร้างเครือข่าย,networking.webp
258,B1,internship,การฝึกงาน,internship.webp
258,B1,cubicle,โต๊ะทำงานกั้นห้อง,cubicle.webp
258,B1,stationery,เครื่องเขียน,stationery.webp
258,B1,freelance,รับงานอิสระ,freelance.webp
258,B1,contractor,ผู้รับจ้างตามสัญญา,contractor.webp
258,B1,vocation,งานที่เป็นดั่งใจรัก,vocation.webp
259,B1,promotion,การเลื่อนตำแหน่ง,promotion.webp
259,B1,appraisal,การประเมินผลงาน,appraisal.webp
259,B1,contract,สัญญาจ้าง,contract.webp
259,B1,overtime,ทำงานล่วงเวลา,overtime.webp
259,B1,employee,ลูกจ้าง,employee.webp
259,B1,resign,ลาออก,resign.webp
259,B1,seniority,อาวุโสในงาน,seniority.webp
259,B1,prospects,โอกาสก้าวหน้า,prospects.webp
260,B1,savings,เงินออม,savings.webp
260,B1,thrifty,ใช้เงินเป็น,thrifty.webp
260,B1,frugal,ประหยัดมัธยัสถ์,frugal.webp
260,B1,deposit,ฝากเงิน,deposit.webp
260,B1,withdraw,ถอนเงิน,withdraw.webp
260,B1,currency,สกุลเงิน,currency.webp
260,B1,wealth,ความมั่งคั่ง,wealth.webp
260,B1,premium,เบี้ยประกัน,premium.webp
262,B1,loan,เงินกู้,loan.webp
262,B1,insurance,ประกันภัย,insurance.webp
262,B1,mortgage,สินเชื่อบ้าน,mortgage.webp
262,B1,guarantee,การรับประกัน,guarantee.webp
262,B1,pension,เงินบำนาญ,pension.webp
262,B1,instalment,เงินผ่อนงวด,instalment.webp
262,B1,surplus,เงินเหลือ,surplus.webp
262,B1,overdraft,เบิกเกินบัญชี,overdraft.webp
263,B1,tenant,ผู้เช่า,tenant.webp
263,B1,rental,บ้านเช่า,rental.webp
263,B1,lease,สัญญาเช่า,lease.webp
263,B1,utility,ค่าน้ำค่าไฟ,utility.webp
263,B1,furnish,ตกแต่งใส่เฟอร์นิเจอร์,furnish.webp
263,B1,pantry,ตู้เก็บอาหารแห้ง,pantry.webp
263,B1,grocery,ของชำ,grocery.webp
263,B1,leftover,อาหารเหลือ,leftover.webp
264,B1,prescription,ใบสั่งยา,prescription.webp
264,B1,ailment,อาการเจ็บป่วย,ailment.webp
264,B1,pharmacy,ร้านขายยา,pharmacy.webp
264,B1,optician,ร้านตัดแว่น,optician.webp
264,B1,vaccination,การฉีดวัคซีน,vaccination.webp
264,B1,dosage,ขนาดยาที่ใช้,dosage.webp
264,B1,checkup,การตรวจสุขภาพ,checkup.webp
264,B1,immunity,ภูมิคุ้มกัน,immunity.webp
265,B1,licence,ใบอนุญาต,licence.webp
265,B1,permit,ใบอนุญาตเฉพาะ,permit.webp
265,B1,visa,วีซ่า,visa.webp
265,B1,embassy,สถานทูต,embassy.webp
265,B1,customs,ศุลกากร,customs.webp
265,B1,terminal,อาคารผู้โดยสาร,terminal.webp
265,B1,boarding,การขึ้นเครื่อง,boarding.webp
265,B1,refundable,ขอเงินคืนได้,refundable.webp
266,B1,hydration,การดื่มน้ำให้พอ,hydration.webp
266,B1,wellbeing,สุขภาวะ,wellbeing.webp
266,B1,caffeine,คาเฟอีน,caffeine.webp
266,B1,screentime,เวลาอยู่หน้าจอ,screentime.webp
266,B1,priority,สิ่งที่สำคัญก่อน,priority.webp
266,B1,reflection,การทบทวนตนเอง,reflection.webp
266,B1,purpose,เป้าหมายในชีวิต,purpose.webp
266,B1,cautious,ระมัดระวัง,cautious.webp
267,B1,trustworthy,ไว้ใจได้,trustworthy.webp
267,B1,organised,เป็นระเบียบ,organised.webp
267,B1,adulthood,วัยผู้ใหญ่,adulthood.webp
267,B1,errand,ธุระเล็กๆ,errand.webp
267,B1,sensible,มีเหตุผลรอบคอบ,sensible.webp
267,B1,foresight,การมองการณ์ไกล,foresight.webp
267,B1,prudent,สุขุมรอบคอบ,prudent.webp
267,B1,responsibility,ความรับผิดชอบ,responsibility.webp
269,B1,mnemonic,เทคนิคช่วยจำ,mnemonic.webp
269,B1,glossary,อภิธานศัพท์,glossary.webp
269,B1,syllable,พยางค์,syllable.webp
269,B1,thesaurus,พจนานุกรมคำเหมือน,thesaurus.webp
269,B1,retention,การจดจำได้นาน,retention.webp
269,B1,consistency,ความสม่ำเสมอ,consistency.webp
269,B1,drill,แบบฝึกซ้ำ,drill.webp
269,B1,shadowing,พูดตามทันที,shadowing.webp
270,B1,pronunciation,การออกเสียง,pronunciation.webp
270,B1,intonation,ทำนองเสียง,intonation.webp
270,B1,hesitate,ลังเล,hesitate.webp
270,B1,immerse,ดำดิ่งอยู่กับภาษา,immerse.webp
270,B1,subtitle,คำบรรยายใต้ภาพ,subtitle.webp
270,B1,collocation,คำที่มักใช้คู่กัน,collocation.webp
270,B1,dedication,ความทุ่มเท,dedication.webp
270,B1,lifelong,ตลอดชีวิต,lifelong.webp
271,B1,harvest,การเก็บเกี่ยว,harvest.webp
271,B1,cultivate,เพาะปลูก,cultivate.webp
271,B1,plough,ไถดิน,plough.webp
271,B1,sow,หว่านเมล็ด,sow.webp
271,B1,reap,เกี่ยวข้าว,reap.webp
271,B1,barn,ยุ้งฉาง,barn.webp
271,B1,tractor,รถแทรกเตอร์,tractor.webp
271,B1,pasture,ทุ่งหญ้าเลี้ยงสัตว์,pasture.webp
272,B1,irrigation,การชลประทาน,irrigation.webp
272,B1,fertiliser,ปุ๋ย,fertiliser.webp
272,B1,pesticide,ยาฆ่าแมลง,pesticide.webp
272,B1,compost,ปุ๋ยหมัก,compost.webp
272,B1,weed,วัชพืช,weed.webp
272,B1,greenhouse,เรือนกระจก,greenhouse.webp
272,B1,yield,ผลผลิตที่ได้,yield.webp
272,B1,orchard,สวนผลไม้,orchard.webp
273,B1,livestock,ปศุสัตว์,livestock.webp
273,B1,poultry,สัตว์ปีกเลี้ยง,poultry.webp
273,B1,dairy,ผลิตภัณฑ์นม,dairy.webp
273,B1,graze,เล็มหญ้า,graze.webp
273,B1,herd,ฝูงสัตว์ใหญ่,herd.webp
273,B1,flock,ฝูงนกหรือแกะ,flock.webp
273,B1,hive,รังผึ้ง,hive.webp
273,B1,pollinate,ผสมเกสร,pollinate.webp
274,B1,storage,การเก็บรักษา,storage.webp
274,B1,wholesale,ขายส่ง,wholesale.webp
274,B1,retail,ขายปลีก,retail.webp
274,B1,chain,ห่วงโซ่,chain.webp
274,B1,perishable,เน่าเสียง่าย,perishable.webp
274,B1,expiry,วันหมดอายุ,expiry.webp
274,B1,packaging,บรรจุภัณฑ์,packaging.webp
274,B1,canning,การบรรจุกระป๋อง,canning.webp
275,B1,seasoning,เครื่องปรุงรส,seasoning.webp
275,B1,marinate,หมักให้เข้าเนื้อ,marinate.webp
275,B1,simmer,เคี่ยวไฟอ่อน,simmer.webp
275,B1,roast,อบหรือย่าง,roast.webp
275,B1,garnish,ตกแต่งจานอาหาร,garnish.webp
275,B1,cuisine,อาหารประจำชาติ,cuisine.webp
275,B1,culinary,เกี่ยวกับการทำอาหาร,culinary.webp
275,B1,ferment,หมักดอง,ferment.webp
276,B1,nutrient,สารอาหาร,nutrient.webp
276,B1,mineral,แร่ธาตุ,mineral.webp
276,B1,fibre,กากใยอาหาร,fibre.webp
276,B1,carbohydrate,คาร์โบไฮเดรต,carbohydrate.webp
276,B1,vegan,กินมังสวิรัติเข้มงวด,vegan.webp
276,B1,pickle,ผักดอง,pickle.webp
276,B1,wholesome,มีประโยชน์ต่อร่างกาย,wholesome.webp
276,B1,balanced,สมดุล,balanced.webp
278,B1,league,ลีกการแข่งขัน,league.webp
278,B1,squad,ทีมผู้เล่นทั้งหมด,squad.webp
278,B1,fixture,โปรแกรมแข่ง,fixture.webp
278,B1,kickoff,การเริ่มเกม,kickoff.webp
278,B1,halftime,พักครึ่งเวลา,halftime.webp
278,B1,whistle,นกหวีด,whistle.webp
278,B1,jersey,เสื้อแข่ง,jersey.webp
278,B1,formation,การจัดตำแหน่งผู้เล่น,formation.webp
279,B1,umpire,ผู้ตัดสิน,umpire.webp
279,B1,penalty,การลงโทษในเกม,penalty.webp
279,B1,foul,การทำฟาวล์,foul.webp
279,B1,offside,ล้ำหน้า,offside.webp
279,B1,substitute,ผู้เล่นสำรอง,substitute.webp
279,B1,dribble,เลี้ยงลูก,dribble.webp
279,B1,scoreboard,กระดานคะแนน,scoreboard.webp
279,B1,replay,ภาพย้อนหลัง,replay.webp
280,B1,sprint,วิ่งระยะสั้น,sprint.webp
280,B1,marathon,วิ่งมาราธอน,marathon.webp
280,B1,relay,วิ่งผลัด,relay.webp
280,B1,hurdle,รั้วกระโดดข้าม,hurdle.webp
280,B1,javelin,พุ่งแหลน,javelin.webp
280,B1,archery,ยิงธนู,archery.webp
280,B1,gymnastics,ยิมนาสติก,gymnastics.webp
280,B1,podium,แท่นรับรางวัล,podium.webp
281,B1,wrestling,มวยปล้ำ,wrestling.webp
281,B1,fencing,ฟันดาบ,fencing.webp
281,B1,paddle,ไม้พาย,paddle.webp
281,B1,racquet,ไม้แร็กเกต,racquet.webp
281,B1,goggles,แว่นตากันน้ำ,goggles.webp
281,B1,agility,ความคล่องแคล่ว,agility.webp
281,B1,flexibility,ความยืดหยุ่นของร่างกาย,flexibility.webp
281,B1,aerobic,แบบใช้ออกซิเจน,aerobic.webp
282,B1,warmup,การอบอุ่นร่างกาย,warmup.webp
282,B1,sweat,เหงื่อ,sweat.webp
282,B1,joint,ข้อต่อ,joint.webp
282,B1,injury,อาการบาดเจ็บ,injury.webp
282,B1,sprain,ข้อเท้าแพลง,sprain.webp
282,B1,bruise,รอยฟกช้ำ,bruise.webp
282,B1,physiotherapy,กายภาพบำบัด,physiotherapy.webp
282,B1,rehabilitation,การฟื้นฟูร่างกาย,rehabilitation.webp
283,B1,qualifier,รอบคัดเลือก,qualifier.webp
283,B1,semifinal,รอบรองชนะเลิศ,semifinal.webp
283,B1,underdog,ทีมรอง,underdog.webp
283,B1,rivalry,การเป็นคู่แข่งกัน,rivalry.webp
283,B1,comeback,การกลับมาชนะ,comeback.webp
283,B1,sponsor,ผู้สนับสนุน,sponsor.webp
283,B1,trophy,ถ้วยรางวัล,trophy.webp
283,B1,champion,แชมป์,champion.webp
285,B1,outline,เส้นร่างโครง,outline.webp
285,B1,shading,การลงน้ำหนักเงา,shading.webp
285,B1,texture,พื้นผิว,texture.webp
285,B1,palette,จานสี,palette.webp
285,B1,pigment,เม็ดสี,pigment.webp
285,B1,canvas,ผ้าใบวาดภาพ,canvas.webp
285,B1,easel,ขาตั้งภาพ,easel.webp
285,B1,brushstroke,ฝีแปรง,brushstroke.webp
286,B1,sculpture,งานประติมากรรม,sculpture.webp
286,B1,ceramic,เครื่องเซรามิก,ceramic.webp
286,B1,mosaic,ภาพโมเสก,mosaic.webp
286,B1,engraving,งานแกะสลักลาย,engraving.webp
286,B1,printmaking,งานพิมพ์ภาพ,printmaking.webp
286,B1,handmade,ทำด้วยมือ,handmade.webp
286,B1,artisan,ช่างฝีมือ,artisan.webp
286,B1,portrait,ภาพเหมือนบุคคล,portrait.webp
287,B1,exhibition,นิทรรศการ,exhibition.webp
287,B1,gallery,หอศิลป์,gallery.webp
287,B1,curator,ภัณฑารักษ์,curator.webp
287,B1,masterpiece,ผลงานชิ้นเอก,masterpiece.webp
287,B1,abstract,นามธรรม,abstract.webp
287,B1,realistic,เหมือนจริง,realistic.webp
287,B1,symmetry,ความสมมาตร,symmetry.webp
287,B1,proportion,สัดส่วน,proportion.webp
288,B1,embroidery,งานปักผ้า,embroidery.webp
288,B1,weaving,การทอผ้า,weaving.webp
288,B1,dye,ย้อมสี,dye.webp
288,B1,vibrant,สีสดใส,vibrant.webp
288,B1,muted,สีนุ่มไม่ฉูดฉาด,muted.webp
288,B1,motif,ลวดลายซ้ำ,motif.webp
288,B1,backdrop,ฉากหลัง,backdrop.webp
288,B1,choreography,การออกแบบท่าเต้น,choreography.webp
289,B1,typography,การออกแบบตัวอักษร,typography.webp
289,B1,layout,การจัดวางองค์ประกอบ,layout.webp
289,B1,illustration,ภาพประกอบ,illustration.webp
289,B1,mockup,แบบจำลองงานออกแบบ,mockup.webp
289,B1,improvise,ด้นสด,improvise.webp
289,B1,audition,การคัดเลือกตัวแสดง,audition.webp
289,B1,encore,การแสดงเพิ่มตอนท้าย,encore.webp
289,B1,soloist,ผู้แสดงเดี่ยว,soloist.webp
290,B1,harmony,เสียงประสาน,harmony.webp
290,B1,tempo,จังหวะความเร็ว,tempo.webp
290,B1,chord,คอร์ดดนตรี,chord.webp
290,B1,lyric,เนื้อเพลง,lyric.webp
290,B1,composer,ผู้ประพันธ์เพลง,composer.webp
290,B1,conductor,วาทยกร,conductor.webp
290,B1,orchestra,วงออร์เคสตรา,orchestra.webp
290,B1,choir,คณะนักร้องประสานเสียง,choir.webp
292,B1,elder,ผู้อาวุโส,elder.webp
292,B1,descendant,ลูกหลานสืบสายเลือด,descendant.webp
292,B1,kinship,ความเป็นเครือญาติ,kinship.webp
292,B1,clan,ตระกูล,clan.webp
292,B1,surname,นามสกุล,surname.webp
292,B1,homeland,บ้านเกิดเมืองนอน,homeland.webp
292,B1,nostalgia,ความคิดถึงอดีต,nostalgia.webp
292,B1,belonging,ความรู้สึกเป็นส่วนหนึ่ง,belonging.webp
293,B1,etiquette,มารยาทสังคม,etiquette.webp
293,B1,taboo,สิ่งต้องห้าม,taboo.webp
293,B1,superstition,ความเชื่อโชคลาง,superstition.webp
293,B1,pilgrimage,การจาริกแสวงบุญ,pilgrimage.webp
293,B1,shrine,ศาลเจ้า,shrine.webp
293,B1,lunar,เกี่ยวกับดวงจันทร์,lunar.webp
293,B1,dialect,ภาษาถิ่น,dialect.webp
293,B1,multicultural,หลากวัฒนธรรม,multicultural.webp
294,B1,latitude,เส้นรุ้ง,latitude.webp
294,B1,longitude,เส้นแวง,longitude.webp
294,B1,hemisphere,ซีกโลก,hemisphere.webp
294,B1,equator,เส้นศูนย์สูตร,equator.webp
294,B1,tropic,เขตร้อน,tropic.webp
294,B1,timezone,เขตเวลา,timezone.webp
294,B1,altitude,ความสูงจากระดับน้ำทะเล,altitude.webp
294,B1,terrain,ลักษณะภูมิประเทศ,terrain.webp
295,B1,peninsula,คาบสมุทร,peninsula.webp
295,B1,archipelago,หมู่เกาะ,archipelago.webp
295,B1,canyon,หุบเขาลึก,canyon.webp
295,B1,glacier,ธารน้ำแข็ง,glacier.webp
295,B1,delta,สามเหลี่ยมปากแม่น้ำ,delta.webp
295,B1,estuary,ปากแม่น้ำ,estuary.webp
295,B1,reef,แนวปะการัง,reef.webp
295,B1,dune,เนินทราย,dune.webp
296,B1,tundra,ทุ่งทุนดรา,tundra.webp
296,B1,savannah,ทุ่งหญ้าสะวันนา,savannah.webp
296,B1,oasis,โอเอซิส,oasis.webp
296,B1,crater,ปากปล่องภูเขาไฟ,crater.webp
296,B1,fjord,อ่าวฟยอร์ด,fjord.webp
296,B1,trek,เดินป่าไกล,trek.webp
296,B1,wander,เดินเรื่อยเปื่อย,wander.webp
296,B1,roam,ท่องไปทั่ว,roam.webp
297,B1,hostel,ที่พักราคาประหยัด,hostel.webp
297,B1,guidebook,หนังสือนำเที่ยว,guidebook.webp
297,B1,phrasebook,หนังสือรวมประโยคพูด,phrasebook.webp
297,B1,jetlag,อาการเพลียจากต่างเวลา,jetlag.webp
297,B1,bilingual,พูดได้สองภาษา,bilingual.webp
297,B1,detour,ทางอ้อม,detour.webp
297,B1,stopover,การแวะพัก,stopover.webp
297,B1,sightseeing,การเที่ยวชมสถานที่,sightseeing.webp
299,B1,competence,ความสามารถที่ทำได้จริง,competence.webp
299,B1,gist,ใจความสำคัญ,gist.webp
299,B1,infer,อนุมานจากบริบท,infer.webp
299,B1,inference,การอนุมาน,inference.webp
299,B1,summarise,สรุปความ,summarise.webp
299,B1,deduce,สรุปจากเหตุผล,deduce.webp
299,B1,critique,วิจารณ์อย่างมีเหตุผล,critique.webp
299,B1,formality,ระดับความเป็นทางการ,formality.webp
300,B1,proficient,ชำนาญ,proficient.webp
300,B1,idiomatic,เป็นสำนวนเจ้าของภาษา,idiomatic.webp
300,B1,colloquial,ภาษาพูดในชีวิตประจำวัน,colloquial.webp
300,B1,outset,จุดเริ่มต้น,outset.webp
300,B1,accomplishment,ความสำเร็จที่ทำได้,accomplishment.webp
300,B1,tenacity,ความไม่ยอมแพ้,tenacity.webp
300,B1,steadfast,มั่นคงไม่ไหวเอน,steadfast.webp
300,B1,brink,ขอบของสิ่งใหม่,brink.webp
301,B2,commodity,สินค้าโภคภัณฑ์,commodity.webp
301,B2,demand,อุปสงค์,demand.webp
301,B2,monopoly,การผูกขาด,monopoly.webp
301,B2,vendor,ผู้ขาย,vendor.webp
301,B2,margin,ส่วนต่างกำไร,margin.webp
301,B2,overhead,ต้นทุนคงที่,overhead.webp
301,B2,revenue,รายรับ,revenue.webp
301,B2,turnover,ยอดขายรวม,turnover.webp
301,B2,barter,แลกของกับของ,barter.webp
302,B2,taxation,การเก็บภาษี,taxation.webp
302,B2,subsidy,เงินอุดหนุน,subsidy.webp
302,B2,tariff,ภาษีศุลกากร,tariff.webp
302,B2,fiscal,เกี่ยวกับการคลัง,fiscal.webp
302,B2,monetary,เกี่ยวกับเงินตรา,monetary.webp
302,B2,deficit,การขาดดุล,deficit.webp
302,B2,stimulus,มาตรการกระตุ้น,stimulus.webp
302,B2,austerity,การรัดเข็มขัด,austerity.webp
302,B2,governance,ธรรมาภิบาล,governance.webp
303,B2,recession,ภาวะเศรษฐกิจถดถอย,recession.webp
303,B2,stagnation,ภาวะชะงักงัน,stagnation.webp
303,B2,prosperity,ความมั่งคั่งรุ่งเรือง,prosperity.webp
303,B2,volatility,ความผันผวน,volatility.webp
303,B2,speculation,การเก็งกำไร,speculation.webp
303,B2,devalue,ลดค่าเงิน,devalue.webp
303,B2,ration,ปันส่วน,ration.webp
303,B2,livelihood,การทำมาหากิน,livelihood.webp
303,B2,remittance,เงินที่ส่งกลับบ้าน,remittance.webp
304,B2,enterprise,กิจการ,enterprise.webp
304,B2,entrepreneur,ผู้ประกอบการ,entrepreneur.webp
304,B2,asset,สินทรัพย์,asset.webp
304,B2,liability,หนี้สิน,liability.webp
304,B2,shareholder,ผู้ถือหุ้น,shareholder.webp
304,B2,dividend,เงินปันผล,dividend.webp
304,B2,invoice,ใบแจ้งหนี้,invoice.webp
304,B2,ledger,บัญชีแยกประเภท,ledger.webp
304,B2,cooperative,สหกรณ์,cooperative.webp
305,B2,inequality,ความเหลื่อมล้ำ,inequality.webp
305,B2,affluence,ความมั่งมี,affluence.webp
305,B2,philanthropy,การกุศลขนาดใหญ่,philanthropy.webp
305,B2,redistribution,การกระจายใหม่,redistribution.webp
305,B2,mobility,การเลื่อนชั้นทางสังคม,mobility.webp
305,B2,bureaucracy,ระบบราชการ,bureaucracy.webp
305,B2,corruption,การทุจริต,corruption.webp
305,B2,capitalism,ระบบทุนนิยม,capitalism.webp
305,B2,socialism,ระบบสังคมนิยม,socialism.webp
306,B2,census,สำมะโนประชากร,census.webp
306,B2,demographic,เกี่ยวกับโครงสร้างประชากร,demographic.webp
306,B2,urbanisation,การขยายตัวของเมือง,urbanisation.webp
306,B2,logistics,การขนส่งและกระจายสินค้า,logistics.webp
306,B2,distribution,การกระจายสินค้า,distribution.webp
306,B2,procurement,การจัดซื้อจัดจ้าง,procurement.webp
306,B2,franchise,แฟรนไชส์,franchise.webp
306,B2,microloan,สินเชื่อรายย่อย,microloan.webp
306,B2,transparency,ความโปร่งใส,transparency.webp
308,B2,legislation,กฎหมายที่ออกใช้,legislation.webp
308,B2,statute,บทบัญญัติ,statute.webp
308,B2,constitution,รัฐธรรมนูญ,constitution.webp
308,B2,amendment,การแก้ไขเพิ่มเติม,amendment.webp
308,B2,jurisdiction,เขตอำนาจศาล,jurisdiction.webp
308,B2,precedent,คำพิพากษาที่เป็นบรรทัดฐาน,precedent.webp
308,B2,lawful,ชอบด้วยกฎหมาย,lawful.webp
308,B2,unlawful,ผิดกฎหมาย,unlawful.webp
308,B2,legitimate,ชอบธรรม,legitimate.webp
309,B2,prosecution,ฝ่ายอัยการ,prosecution.webp
309,B2,defendant,จำเลย,defendant.webp
309,B2,plaintiff,โจทก์,plaintiff.webp
309,B2,testimony,คำให้การ,testimony.webp
309,B2,jury,คณะลูกขุน,jury.webp
309,B2,magistrate,ผู้พิพากษาศาลชั้นต้น,magistrate.webp
309,B2,attorney,ทนายความ,attorney.webp
309,B2,verdict,คำตัดสิน,verdict.webp
309,B2,impartial,เป็นกลาง,impartial.webp
310,B2,convict,ตัดสินว่ามีความผิด,convict.webp
310,B2,acquit,ตัดสินว่าไม่ผิด,acquit.webp
310,B2,custody,การควบคุมตัว,custody.webp
310,B2,bail,การประกันตัว,bail.webp
310,B2,parole,การพักโทษ,parole.webp
310,B2,tribunal,คณะตุลาการพิเศษ,tribunal.webp
310,B2,appeal,การอุทธรณ์,appeal.webp
310,B2,liable,ต้องรับผิด,liable.webp
310,B2,negligence,ความประมาทเลินเล่อ,negligence.webp
311,B2,compensation,ค่าชดเชย,compensation.webp
311,B2,arbitration,อนุญาโตตุลาการ,arbitration.webp
311,B2,mediation,การไกล่เกลี่ย,mediation.webp
311,B2,clause,ข้อสัญญา,clause.webp
311,B2,breach,การผิดสัญญา,breach.webp
311,B2,litigation,การฟ้องร้อง,litigation.webp
311,B2,advocacy,การเรียกร้องแทนผู้อื่น,advocacy.webp
311,B2,petitioner,ผู้ยื่นคำร้อง,petitioner.webp
311,B2,sovereignty,อำนาจอธิปไตย,sovereignty.webp
312,B2,liberty,เสรีภาพ,liberty.webp
312,B2,censorship,การเซ็นเซอร์,censorship.webp
312,B2,surveillance,การสอดส่องเฝ้าดู,surveillance.webp
312,B2,activism,การเคลื่อนไหวเรียกร้อง,activism.webp
312,B2,asylum,การลี้ภัย,asylum.webp
312,B2,deport,ส่งกลับประเทศ,deport.webp
312,B2,discrimination,การเลือกปฏิบัติ,discrimination.webp
312,B2,confidentiality,การรักษาความลับ,confidentiality.webp
312,B2,impunity,การลอยนวลพ้นผิด,impunity.webp
313,B2,referendum,การลงประชามติ,referendum.webp
313,B2,ballot,บัตรลงคะแนน,ballot.webp
313,B2,candidacy,การลงสมัครรับเลือกตั้ง,candidacy.webp
313,B2,coalition,รัฐบาลผสม,coalition.webp
313,B2,mandate,อาณัติจากประชาชน,mandate.webp
313,B2,turnout,จำนวนผู้มาใช้สิทธิ,turnout.webp
313,B2,answerable,ต้องตอบคำถามต่อประชาชน,answerable.webp
313,B2,scrutiny,การตรวจสอบอย่างเข้มงวด,scrutiny.webp
313,B2,consensus,ฉันทามติ,consensus.webp
315,B2,fossil,เชื้อเพลิงฟอสซิล,fossil.webp
315,B2,methane,ก๊าซมีเทน,methane.webp
315,B2,ozone,โอโซน,ozone.webp
315,B2,albedo,ค่าการสะท้อนแสง,albedo.webp
315,B2,permafrost,ชั้นดินเยือกแข็ง,permafrost.webp
315,B2,sealevel,ระดับน้ำทะเล,sealevel.webp
315,B2,emitter,ผู้ปล่อยก๊าซ,emitter.webp
315,B2,offset,การชดเชยคาร์บอน,offset.webp
315,B2,mitigate,บรรเทาผลกระทบ,mitigate.webp
316,B2,flooding,น้ำท่วม,flooding.webp
316,B2,cyclone,พายุหมุน,cyclone.webp
316,B2,wildfire,ไฟป่า,wildfire.webp
316,B2,heatwave,คลื่นความร้อน,heatwave.webp
316,B2,monsoon,ลมมรสุม,monsoon.webp
316,B2,desertification,การกลายเป็นทะเลทราย,desertification.webp
316,B2,adaptation,การปรับตัว,adaptation.webp
316,B2,quota,โควตา,quota.webp
316,B2,regulator,หน่วยงานกำกับดูแล,regulator.webp
317,B2,landfill,หลุมฝังกลบขยะ,landfill.webp
317,B2,incinerate,เผาทำลาย,incinerate.webp
317,B2,decompose,ย่อยสลาย,decompose.webp
317,B2,biodegradable,ย่อยสลายได้เอง,biodegradable.webp
317,B2,microplastic,ไมโครพลาสติก,microplastic.webp
317,B2,contamination,การปนเปื้อน,contamination.webp
317,B2,aquifer,ชั้นน้ำใต้ดิน,aquifer.webp
317,B2,sanitation,การสุขาภิบาล,sanitation.webp
317,B2,runoff,น้ำไหลบ่า,runoff.webp
318,B2,biodiversity,ความหลากหลายทางชีวภาพ,biodiversity.webp
318,B2,ecosystem,ระบบนิเวศ,ecosystem.webp
318,B2,extinction,การสูญพันธุ์,extinction.webp
318,B2,poaching,การล่าสัตว์ผิดกฎหมาย,poaching.webp
318,B2,wetland,พื้นที่ชุ่มน้ำ,wetland.webp
318,B2,reforestation,การปลูกป่าทดแทน,reforestation.webp
318,B2,conservation,การอนุรักษ์,conservation.webp
318,B2,acidification,ภาวะเป็นกรด,acidification.webp
318,B2,sediment,ตะกอน,sediment.webp
319,B2,photovoltaic,เซลล์แสงอาทิตย์,photovoltaic.webp
319,B2,turbine,กังหันผลิตไฟ,turbine.webp
319,B2,geothermal,พลังงานความร้อนใต้พิภพ,geothermal.webp
319,B2,hydropower,พลังน้ำ,hydropower.webp
319,B2,biomass,ชีวมวล,biomass.webp
319,B2,insulate,บุฉนวนกันความร้อน,insulate.webp
319,B2,retrofit,ปรับปรุงอาคารเดิม,retrofit.webp
319,B2,consumption,การบริโภคพลังงาน,consumption.webp
319,B2,footprint,รอยเท้าคาร์บอน,footprint.webp
320,B2,circular,เศรษฐกิจหมุนเวียน,circular.webp
320,B2,reuse,ใช้ซ้ำ,reuse.webp
320,B2,repurpose,ดัดแปลงไปใช้อย่างอื่น,repurpose.webp
320,B2,toxic,เป็นพิษ,toxic.webp
320,B2,salinity,ความเค็มของน้ำ,salinity.webp
320,B2,desalination,การผลิตน้ำจืดจากน้ำทะเล,desalination.webp
320,B2,irrigate,ทดน้ำเข้าพื้นที่,irrigate.webp
320,B2,nitrate,ไนเตรต,nitrate.webp
320,B2,robustness,ความทนทานต่อแรงกระแทก,robustness.webp
322,B2,cognition,กระบวนการคิดรู้,cognition.webp
322,B2,perception,การรับรู้,perception.webp
322,B2,neuron,เซลล์ประสาท,neuron.webp
322,B2,synapse,จุดเชื่อมประสาท,synapse.webp
322,B2,cortex,เปลือกสมอง,cortex.webp
322,B2,plasticity,ความยืดหยุ่นของสมอง,plasticity.webp
322,B2,subconscious,จิตใต้สำนึก,subconscious.webp
322,B2,intuition,สัญชาตญาณ,intuition.webp
322,B2,concentration,สมาธิจดจ่อ,concentration.webp
323,B2,encode,แปลงข้อมูลเข้าความจำ,encode.webp
323,B2,retrieve,ดึงข้อมูลกลับมา,retrieve.webp
323,B2,chunking,การจับกลุ่มข้อมูล,chunking.webp
323,B2,forgetting,การลืม,forgetting.webp
323,B2,association,การเชื่อมโยง,association.webp
323,B2,interference,การรบกวนความจำ,interference.webp
323,B2,spacing,การทิ้งช่วงทบทวน,spacing.webp
323,B2,visualise,นึกเป็นภาพ,visualise.webp
323,B2,overlearn,ฝึกซ้ำจนอัตโนมัติ,overlearn.webp
324,B2,motivation,แรงจูงใจ,motivation.webp
324,B2,reinforcement,การเสริมแรง,reinforcement.webp
324,B2,conditioning,การวางเงื่อนไข,conditioning.webp
324,B2,cue,สัญญาณกระตุ้น,cue.webp
324,B2,routine,กิจวัตร,routine.webp
324,B2,impulse,แรงกระตุ้นฉับพลัน,impulse.webp
324,B2,craving,ความอยากอย่างแรง,craving.webp
324,B2,dopamine,โดพามีน,dopamine.webp
324,B2,mindset,กรอบความคิด,mindset.webp
325,B2,temperament,พื้นอารมณ์ประจำตัว,temperament.webp
325,B2,serotonin,เซโรโทนิน,serotonin.webp
325,B2,assertive,กล้าแสดงออกอย่างสุภาพ,assertive.webp
325,B2,reframe,มองมุมใหม่,reframe.webp
325,B2,coping,การรับมือ,coping.webp
325,B2,acceptance,การยอมรับ,acceptance.webp
325,B2,selftalk,การพูดกับตัวเอง,selftalk.webp
325,B2,optimism,การมองโลกในแง่ดี,optimism.webp
325,B2,pessimism,การมองโลกในแง่ร้าย,pessimism.webp
326,B2,heuristic,วิธีคิดลัด,heuristic.webp
326,B2,fallacy,ข้อผิดพลาดเชิงเหตุผล,fallacy.webp
326,B2,rationalise,หาเหตุผลเข้าข้างตัวเอง,rationalise.webp
326,B2,assumption,ข้อสันนิษฐาน,assumption.webp
326,B2,scepticism,การตั้งข้อสงสัย,scepticism.webp
326,B2,distortion,การบิดเบือน,distortion.webp
326,B2,avoidance,การหลีกเลี่ยง,avoidance.webp
326,B2,interpretation,การตีความ,interpretation.webp
326,B2,verification,การตรวจสอบข้อเท็จจริง,verification.webp
327,B2,counselling,การให้คำปรึกษา,counselling.webp
327,B2,diagnosis,การวินิจฉัย,diagnosis.webp
327,B2,meditation,การทำสมาธิ,meditation.webp
327,B2,daydream,ฝันกลางวัน,daydream.webp
327,B2,drowsy,ง่วงซึม,drowsy.webp
327,B2,multisensory,ใช้หลายประสาทสัมผัส,multisensory.webp
327,B2,verbalise,พูดออกมาเป็นคำ,verbalise.webp
327,B2,restlessness,ความอยู่ไม่นิ่ง,restlessness.webp
327,B2,forbearance,ความใจเย็นอดกลั้น,forbearance.webp
329,B2,implication,นัยที่แฝงอยู่,implication.webp
329,B2,connotation,ความหมายแฝง,connotation.webp
329,B2,undertone,น้ำเสียงแฝง,undertone.webp
329,B2,irony,การประชด,irony.webp
329,B2,understatement,การพูดน้อยกว่าความจริง,understatement.webp
329,B2,euphemism,การใช้คำอ้อม,euphemism.webp
329,B2,rhetoric,วาทศิลป์,rhetoric.webp
329,B2,anecdote,เรื่องเล่าประกอบ,anecdote.webp
329,B2,credibility,ความน่าเชื่อถือ,credibility.webp
330,B2,citation,การอ้างอิงแหล่งที่มา,citation.webp
330,B2,plagiarism,การลอกงานผู้อื่น,plagiarism.webp
330,B2,correlation,ความสัมพันธ์ร่วม,correlation.webp
330,B2,causation,ความเป็นเหตุเป็นผล,causation.webp
330,B2,methodology,ระเบียบวิธีวิจัย,methodology.webp
330,B2,peerreview,การตรวจโดยผู้รู้เท่ากัน,peerreview.webp
330,B2,replicate,ทำซ้ำเพื่อยืนยันผล,replicate.webp
330,B2,anomaly,สิ่งผิดปกติจากรูปแบบ,anomaly.webp
330,B2,synthesis,การสังเคราะห์ข้อมูล,synthesis.webp
331,B2,atom,อะตอม,atom.webp
331,B2,molecule,โมเลกุล,molecule.webp
331,B2,nucleus,นิวเคลียส,nucleus.webp
331,B2,proton,โปรตอน,proton.webp
331,B2,neutron,นิวตรอน,neutron.webp
331,B2,electron,อิเล็กตรอน,electron.webp
331,B2,isotope,ไอโซโทป,isotope.webp
331,B2,particle,อนุภาค,particle.webp
331,B2,density,ความหนาแน่น,density.webp
332,B2,dissolve,ละลาย,dissolve.webp
332,B2,solvent,ตัวทำละลาย,solvent.webp
332,B2,evaporate,ระเหย,evaporate.webp
332,B2,condense,ควบแน่น,condense.webp
332,B2,crystallise,ตกผลึก,crystallise.webp
332,B2,catalyst,ตัวเร่งปฏิกิริยา,catalyst.webp
332,B2,acid,กรด,acid.webp
332,B2,alkaline,ด่าง,alkaline.webp
332,B2,oxidise,ทำปฏิกิริยากับออกซิเจน,oxidise.webp
333,B2,friction,แรงเสียดทาน,friction.webp
333,B2,inertia,ความเฉื่อย,inertia.webp
333,B2,velocity,ความเร็วเชิงเวกเตอร์,velocity.webp
333,B2,acceleration,ความเร่ง,acceleration.webp
333,B2,kinetic,เกี่ยวกับพลังงานจลน์,kinetic.webp
333,B2,thermal,เกี่ยวกับความร้อน,thermal.webp
333,B2,equilibrium,สมดุล,equilibrium.webp
333,B2,buoyancy,แรงลอยตัว,buoyancy.webp
333,B2,vacuum,สุญญากาศ,vacuum.webp
334,B2,wavelength,ความยาวคลื่น,wavelength.webp
334,B2,amplitude,แอมพลิจูด,amplitude.webp
334,B2,oscillate,แกว่งไปมา,oscillate.webp
334,B2,resonance,การสั่นพ้อง,resonance.webp
334,B2,spectrum,สเปกตรัม,spectrum.webp
334,B2,refraction,การหักเหของแสง,refraction.webp
334,B2,photon,โฟตอน,photon.webp
334,B2,radiation,การแผ่รังสี,radiation.webp
334,B2,turbulence,ความปั่นป่วน,turbulence.webp
335,B2,voltage,แรงดันไฟฟ้า,voltage.webp
335,B2,resistance,ความต้านทาน,resistance.webp
335,B2,insulator,ฉนวน,insulator.webp
335,B2,magnetism,แม่เหล็ก,magnetism.webp
335,B2,compress,อัดให้แน่น,compress.webp
335,B2,viscosity,ความหนืด,viscosity.webp
335,B2,charge,ประจุไฟฟ้า,charge.webp
335,B2,specimen,ตัวอย่างที่นำมาศึกษา,specimen.webp
335,B2,dissect,ผ่าศึกษา,dissect.webp
336,B2,organism,สิ่งมีชีวิต,organism.webp
336,B2,membrane,เยื่อหุ้ม,membrane.webp
336,B2,enzyme,เอนไซม์,enzyme.webp
336,B2,chromosome,โครโมโซม,chromosome.webp
336,B2,mutation,การกลายพันธุ์,mutation.webp
336,B2,heredity,การถ่ายทอดทางพันธุกรรม,heredity.webp
336,B2,respiration,การหายใจระดับเซลล์,respiration.webp
336,B2,photosynthesis,การสังเคราะห์แสง,photosynthesis.webp
336,B2,antibody,แอนติบอดี,antibody.webp
338,B2,binary,ระบบเลขฐานสอง,binary.webp
338,B2,processor,หน่วยประมวลผล,processor.webp
338,B2,cache,หน่วยความจำพักข้อมูล,cache.webp
338,B2,interface,ส่วนติดต่อผู้ใช้,interface.webp
338,B2,pixel,จุดภาพ,pixel.webp
338,B2,resolution,ความละเอียดภาพ,resolution.webp
338,B2,render,ประมวลผลออกเป็นภาพ,render.webp
338,B2,glitch,ความผิดพลาดชั่วคราว,glitch.webp
338,B2,obsolete,ล้าสมัยจนใช้ไม่ได้,obsolete.webp
339,B2,protocol,ระเบียบวิธีสื่อสาร,protocol.webp
339,B2,router,เราเตอร์,router.webp
339,B2,bandwidth,แบนด์วิดท์,bandwidth.webp
339,B2,latency,ความหน่วง,latency.webp
339,B2,wireless,ไร้สาย,wireless.webp
339,B2,streaming,การส่งข้อมูลต่อเนื่อง,streaming.webp
339,B2,buffering,การพักข้อมูลรอเล่น,buffering.webp
339,B2,browser,เว็บเบราว์เซอร์,browser.webp
339,B2,cookie,คุกกี้เว็บ,cookie.webp
340,B2,encryption,การเข้ารหัส,encryption.webp
340,B2,firewall,ไฟร์วอลล์,firewall.webp
340,B2,malware,โปรแกรมมุ่งร้าย,malware.webp
340,B2,phishing,การหลอกเอาข้อมูล,phishing.webp
340,B2,scam,การหลอกลวง,scam.webp
340,B2,passcode,รหัสผ่าน,passcode.webp
340,B2,biometric,ใช้ลักษณะทางกาย,biometric.webp
340,B2,backup,ข้อมูลสำรอง,backup.webp
340,B2,anonymity,การไม่เปิดเผยตัวตน,anonymity.webp
341,B2,dataset,ชุดข้อมูลฝึก,dataset.webp
341,B2,throttle,จำกัดความเร็วการใช้งาน,throttle.webp
341,B2,chatbot,แชตบอต,chatbot.webp
341,B2,deepfake,วิดีโอปลอมด้วย AI,deepfake.webp
341,B2,autocorrect,การแก้คำอัตโนมัติ,autocorrect.webp
341,B2,recommendation,การแนะนำเนื้อหา,recommendation.webp
341,B2,explainable,อธิบายเหตุผลได้,explainable.webp
341,B2,auditable,ตรวจสอบย้อนหลังได้,auditable.webp
341,B2,automate,ทำให้เป็นอัตโนมัติ,automate.webp
342,B2,marketplace,ตลาดออนไลน์,marketplace.webp
342,B2,engagement,การมีส่วนร่วมกับเนื้อหา,engagement.webp
342,B2,viral,แพร่กระจายเร็วมาก,viral.webp
342,B2,tracker,ตัวติดตามพฤติกรรม,tracker.webp
342,B2,spam,ข้อความขยะ,spam.webp
342,B2,troll,ผู้ป่วนออนไลน์,troll.webp
342,B2,misinformation,ข้อมูลผิดที่แพร่ไป,misinformation.webp
342,B2,curate,คัดสรรเนื้อหา,curate.webp
342,B2,subscription,การสมัครสมาชิก,subscription.webp
343,B2,upgrade,ปรับรุ่นให้ใหม่ขึ้น,upgrade.webp
343,B2,compatible,ใช้ร่วมกันได้,compatible.webp
343,B2,archive,จัดเก็บถาวร,archive.webp
343,B2,unplugged,ถอดปลั๊กจากโลกออนไลน์,unplugged.webp
343,B2,moderate,กำกับดูแลเนื้อหา,moderate.webp
343,B2,harassment,การคุกคาม,harassment.webp
343,B2,restraint,การยับยั้งชั่งใจ,restraint.webp
343,B2,deliberate,ทำอย่างตั้งใจ,deliberate.webp
343,B2,intentional,ทำอย่างมีเจตนาชัดเจน,intentional.webp
345,B2,journalism,วารสารศาสตร์,journalism.webp
345,B2,editorial,บทบรรณาธิการ,editorial.webp
345,B2,bulletin,ข่าวสรุปสั้น,bulletin.webp
345,B2,correspondent,ผู้สื่อข่าวประจำพื้นที่,correspondent.webp
345,B2,scoop,ข่าวที่ได้มาก่อนใคร,scoop.webp
345,B2,byline,ชื่อผู้เขียนข่าว,byline.webp
345,B2,circulation,ยอดจำหน่าย,circulation.webp
345,B2,paywall,กำแพงจ่ายเงินอ่าน,paywall.webp
345,B2,clickbait,พาดหัวล่อคลิก,clickbait.webp
346,B2,attribution,การระบุแหล่งที่มา,attribution.webp
346,B2,offtherecord,พูดนอกบันทึก,offtherecord.webp
346,B2,embargo,การห้ามเผยแพร่ก่อนกำหนด,embargo.webp
346,B2,leak,การรั่วไหลของข้อมูล,leak.webp
346,B2,whistleblower,ผู้เปิดโปงความผิด,whistleblower.webp
346,B2,factcheck,การตรวจสอบข้อเท็จจริง,factcheck.webp
346,B2,retraction,การถอนข่าวที่ผิด,retraction.webp
346,B2,libel,การหมิ่นประมาทด้วยลายลักษณ์,libel.webp
346,B2,rebuttal,การโต้แย้งกลับ,rebuttal.webp
347,B2,framing,การวางกรอบการเล่าเรื่อง,framing.webp
347,B2,slant,การเอียงข้าง,slant.webp
347,B2,sensational,เร้าอารมณ์เกินจริง,sensational.webp
347,B2,tabloid,หนังสือพิมพ์แนวเร้าใจ,tabloid.webp
347,B2,broadsheet,หนังสือพิมพ์แนวจริงจัง,broadsheet.webp
347,B2,propaganda,การโฆษณาชวนเชื่อ,propaganda.webp
347,B2,testimonial,คำรับรองจากผู้ใช้,testimonial.webp
347,B2,spin,การบิดข่าวให้ดูดี,spin.webp
347,B2,publicist,นักประชาสัมพันธ์,publicist.webp
348,B2,syndicate,ขายข่าวต่อหลายสำนัก,syndicate.webp
348,B2,bureau,สำนักข่าวประจำเมือง,bureau.webp
348,B2,ownership,การถือครองสื่อ,ownership.webp
348,B2,pluralism,ความหลากหลายของสื่อ,pluralism.webp
348,B2,outrage,ความโกรธเกรี้ยว,outrage.webp
348,B2,polarise,ทำให้แบ่งขั้ว,polarise.webp
348,B2,echochamber,ห้องเสียงสะท้อน,echochamber.webp
348,B2,filterbubble,ฟองข้อมูลที่ถูกคัด,filterbubble.webp
348,B2,civility,ความสุภาพในการถกเถียง,civility.webp
349,B2,defamation,การทำให้เสียชื่อเสียง,defamation.webp
349,B2,slander,การใส่ร้ายด้วยวาจา,slander.webp
349,B2,censor,เซ็นเซอร์,censor.webp
349,B2,suppress,ปิดกั้นไม่ให้เผยแพร่,suppress.webp
349,B2,dissent,ความเห็นต่าง,dissent.webp
349,B2,conformity,การคล้อยตามหมู่,conformity.webp
349,B2,wariness,ความระแวดระวัง,wariness.webp
349,B2,cynicism,การไม่เชื่ออะไรเลย,cynicism.webp
349,B2,deliberation,การพิจารณาถกกันอย่างรอบคอบ,deliberation.webp
350,B2,corroborate,ยืนยันจากอีกแหล่ง,corroborate.webp
350,B2,primary,แหล่งข้อมูลชั้นต้น,primary.webp
350,B2,secondary,แหล่งข้อมูลชั้นรอง,secondary.webp
350,B2,vested,มีส่วนได้เสีย,vested.webp
350,B2,disclose,เปิดเผยข้อมูล,disclose.webp
350,B2,context,บริบทแวดล้อม,context.webp
350,B2,omission,การละเว้นไม่กล่าวถึง,omission.webp
350,B2,plausible,ฟังดูมีเหตุผล,plausible.webp
350,B2,substantiate,หาหลักฐานมายืนยัน,substantiate.webp
352,B2,monarchy,ระบอบกษัตริย์,monarchy.webp
352,B2,republic,สาธารณรัฐ,republic.webp
352,B2,sovereign,ผู้มีอำนาจสูงสุด,sovereign.webp
352,B2,successor,ผู้สืบทอดตำแหน่ง,successor.webp
352,B2,coronation,พระราชพิธีบรมราชาภิเษก,coronation.webp
352,B2,abdicate,สละราชสมบัติ,abdicate.webp
352,B2,depose,ถอดจากอำนาจ,depose.webp
352,B2,oligarchy,คณาธิปไตย,oligarchy.webp
352,B2,tyranny,ทรราชย์,tyranny.webp
353,B2,feudal,ระบบศักดินา,feudal.webp
353,B2,serf,ไพร่ติดที่ดิน,serf.webp
353,B2,aristocracy,ชนชั้นสูง,aristocracy.webp
353,B2,peasantry,ชนชั้นชาวนา,peasantry.webp
353,B2,guild,สมาคมช่างฝีมือ,guild.webp
353,B2,charter,กฎบัตร,charter.webp
353,B2,decree,พระราชกฤษฎีกา,decree.webp
353,B2,assembly,สภาผู้แทน,assembly.webp
353,B2,industrialisation,การเปลี่ยนสู่อุตสาหกรรม,industrialisation.webp
354,B2,uprising,การลุกฮือ,uprising.webp
354,B2,rebellion,การกบฏ,rebellion.webp
354,B2,abolition,การเลิกทาส,abolition.webp
354,B2,emancipation,การปลดปล่อยให้เป็นอิสระ,emancipation.webp
354,B2,suffrage,สิทธิเลือกตั้ง,suffrage.webp
354,B2,reformer,นักปฏิรูป,reformer.webp
354,B2,exile,การเนรเทศ,exile.webp
354,B2,decolonise,ปลดอาณานิคม,decolonise.webp
354,B2,nationalism,ชาตินิยม,nationalism.webp
355,B2,conquest,การพิชิตดินแดน,conquest.webp
355,B2,armistice,การสงบศึก,armistice.webp
355,B2,truce,การหยุดยิงชั่วคราว,truce.webp
355,B2,neutrality,ความเป็นกลาง,neutrality.webp
355,B2,occupation,การยึดครอง,occupation.webp
355,B2,ratify,ให้สัตยาบัน,ratify.webp
355,B2,annex,ผนวกดินแดน,annex.webp
355,B2,partition,การแบ่งแยกดินแดน,partition.webp
355,B2,diaspora,ชุมชนพลัดถิ่น,diaspora.webp
356,B2,colony,อาณานิคม,colony.webp
356,B2,protectorate,รัฐในอารักขา,protectorate.webp
356,B2,federation,สหพันธรัฐ,federation.webp
356,B2,secede,แยกตัวออก,secede.webp
356,B2,unify,รวมเป็นหนึ่ง,unify.webp
356,B2,autonomy,การปกครองตนเอง,autonomy.webp
356,B2,migration,การอพยพย้ายถิ่น,migration.webp
356,B2,plague,โรคระบาดครั้งใหญ่,plague.webp
356,B2,starvation,ภาวะอดอยากรุนแรง,starvation.webp
357,B2,chronicle,บันทึกเหตุการณ์ตามลำดับ,chronicle.webp
357,B2,manuscript,ต้นฉบับลายมือ,manuscript.webp
357,B2,inscription,ข้อความจารึก,inscription.webp
357,B2,excavation,การขุดค้น,excavation.webp
357,B2,relic,วัตถุตกทอดจากอดีต,relic.webp
357,B2,preservation,การอนุรักษ์ของเก่า,preservation.webp
357,B2,conjecture,การคาดเดาจากหลักฐาน,conjecture.webp
357,B2,revisionism,การเขียนประวัติศาสตร์ใหม่,revisionism.webp
357,B2,inheritance,สิ่งที่ตกทอดถึงรุ่นหลัง,inheritance.webp
359,B2,continuity,ความต่อเนื่อง,continuity.webp
359,B2,contingency,สิ่งที่อาจเกิดโดยบังเอิญ,contingency.webp
359,B2,inevitability,ความหลีกเลี่ยงไม่ได้,inevitability.webp
359,B2,hindsight,การมองย้อนหลัง,hindsight.webp
359,B2,counterfactual,สมมติว่าไม่เกิดขึ้น,counterfactual.webp
359,B2,causality,ความเป็นเหตุเป็นผล,causality.webp
359,B2,turningpoint,จุดเปลี่ยน,turningpoint.webp
359,B2,upheaval,ความปั่นป่วนครั้งใหญ่,upheaval.webp
359,B2,gradualism,การเปลี่ยนแปลงทีละน้อย,gradualism.webp
360,B2,consolidate,ทำให้มั่นคงเป็นปึกแผ่น,consolidate.webp
360,B2,entrench,ฝังรากลึก,entrench.webp
360,B2,dismantle,รื้อถอนออก,dismantle.webp
360,B2,transition,ช่วงเปลี่ยนผ่าน,transition.webp
360,B2,longevity,การคงอยู่ยาวนาน,longevity.webp
360,B2,watershed,เหตุการณ์แบ่งยุค,watershed.webp
360,B2,periodisation,การแบ่งยุคสมัย,periodisation.webp
360,B2,synthesise,สังเคราะห์รวมเป็นภาพเดียว,synthesise.webp
360,B2,panorama,ภาพรวมกว้างไกล,panorama.webp
361,B2,philosophy,ปรัชญา,philosophy.webp
361,B2,premise,ข้อตั้งต้นของเหตุผล,premise.webp
361,B2,deduction,การอนุมานจากกฎสู่กรณี,deduction.webp
361,B2,induction,การสรุปจากกรณีสู่กฎ,induction.webp
361,B2,syllogism,ตรรกบทสามขั้น,syllogism.webp
361,B2,axiom,สัจพจน์,axiom.webp
361,B2,thesis,ข้อเสนอหลัก,thesis.webp
361,B2,antithesis,ข้อเสนอตรงข้าม,antithesis.webp
361,B2,objectivity,ความเป็นภววิสัย,objectivity.webp
362,B2,paradox,ปฏิทรรศน์,paradox.webp
362,B2,contradiction,ความขัดแย้งในตัวเอง,contradiction.webp
362,B2,fallacious,มีข้อบกพร่องทางตรรกะ,fallacious.webp
362,B2,refute,หักล้างด้วยหลักฐาน,refute.webp
362,B2,postulate,ตั้งสมมติฐานไว้ก่อน,postulate.webp
362,B2,dialectic,วิภาษวิธี,dialectic.webp
362,B2,relativism,สัมพัทธนิยม,relativism.webp
362,B2,absolutism,สัมบูรณนิยม,absolutism.webp
362,B2,subjectivity,ความเป็นอัตวิสัย,subjectivity.webp
363,B2,virtue,คุณธรรม,virtue.webp
363,B2,temperance,ความรู้จักพอ,temperance.webp
363,B2,altruism,การเห็นแก่ผู้อื่น,altruism.webp
363,B2,selfishness,ความเห็นแก่ตัว,selfishness.webp
363,B2,greed,ความโลภ,greed.webp
363,B2,envy,ความอิจฉา,envy.webp
363,B2,sincerity,ความจริงใจ,sincerity.webp
363,B2,hypocrisy,ความหน้าไหว้หลังหลอก,hypocrisy.webp
363,B2,utilitarian,แบบประโยชน์นิยม,utilitarian.webp
364,B2,reciprocity,การตอบแทนซึ่งกันและกัน,reciprocity.webp
364,B2,trustworthiness,ความน่าไว้วางใจ,trustworthiness.webp
364,B2,impartiality,ความไม่ลำเอียง,impartiality.webp
364,B2,exploitation,การเอารัดเอาเปรียบ,exploitation.webp
364,B2,coercion,การบังคับข่มขู่,coercion.webp
364,B2,deception,การหลอกลวง,deception.webp
364,B2,complicity,การมีส่วนร่วมในความผิด,complicity.webp
364,B2,proportional,ได้สัดส่วนเหมาะสม,proportional.webp
364,B2,mercy,ความเมตตาผ่อนโทษ,mercy.webp
365,B2,remorse,ความสำนึกผิด,remorse.webp
365,B2,retribution,การลงโทษตอบแทน,retribution.webp
365,B2,deterrence,การป้องปราม,deterrence.webp
365,B2,restitution,การชดใช้คืน,restitution.webp
365,B2,reconciliation,การคืนดี,reconciliation.webp
365,B2,culpable,มีความผิดที่ต้องรับ,culpable.webp
365,B2,leniency,ความผ่อนปรน,leniency.webp
365,B2,vindictive,อาฆาตแค้น,vindictive.webp
365,B2,dilemma,สภาวะกลืนไม่เข้าคายไม่ออก,dilemma.webp
366,B2,determinism,นิยัตินิยม,determinism.webp
366,B2,freewill,เจตจำนงเสรี,freewill.webp
366,B2,agency,ความสามารถกำหนดการกระทำเอง,agency.webp
366,B2,circumstance,สภาพแวดล้อมที่กำหนด,circumstance.webp
366,B2,headstart,การได้เปรียบตั้งแต่ต้น,headstart.webp
366,B2,luck,โชค,luck.webp
366,B2,merit,ความดีความชอบที่ทำได้เอง,merit.webp
366,B2,advantage,ข้อได้เปรียบ,advantage.webp
366,B2,unassuming,ไม่โอ้อวดตัว,unassuming.webp
368,B2,nebula,เนบิวลา,nebula.webp
368,B2,constellation,กลุ่มดาว,constellation.webp
368,B2,asteroid,ดาวเคราะห์น้อย,asteroid.webp
368,B2,comet,ดาวหาง,comet.webp
368,B2,eclipse,อุปราคา,eclipse.webp
368,B2,lightyear,ปีแสง,lightyear.webp
368,B2,observatory,หอดูดาว,observatory.webp
368,B2,exoplanet,ดาวเคราะห์นอกระบบ,exoplanet.webp
368,B2,habitable,อาศัยอยู่ได้,habitable.webp
369,B2,cosmology,จักรวาลวิทยา,cosmology.webp
369,B2,bigbang,บิกแบง,bigbang.webp
369,B2,redshift,การเลื่อนไปทางแดง,redshift.webp
369,B2,expansion,การขยายตัวของเอกภพ,expansion.webp
369,B2,cosmic,เกี่ยวกับเอกภพ,cosmic.webp
369,B2,primordial,ดั้งเดิมแต่แรกเริ่ม,primordial.webp
369,B2,abundance,ปริมาณธาตุที่พบ,abundance.webp
369,B2,discern,สังเกตแยกแยะออก,discern.webp
369,B2,speculative,ที่ยังเป็นเพียงข้อคาดการณ์,speculative.webp
370,B2,blackhole,หลุมดำ,blackhole.webp
370,B2,supernova,ซูเปอร์โนวา,supernova.webp
370,B2,neutronstar,ดาวนิวตรอน,neutronstar.webp
370,B2,meteor,ดาวตก,meteor.webp
370,B2,magnetosphere,สนามแม่เหล็กโลก,magnetosphere.webp
370,B2,solarwind,ลมสุริยะ,solarwind.webp
370,B2,ionosphere,ชั้นไอโอโนสเฟียร์,ionosphere.webp
370,B2,luminous,เปล่งแสงสว่าง,luminous.webp
370,B2,collapse,ยุบตัวลง,collapse.webp
371,B2,trajectory,วิถีโคจร,trajectory.webp
371,B2,payload,สัมภาระที่ส่งขึ้นไป,payload.webp
371,B2,launchpad,ฐานปล่อยจรวด,launchpad.webp
371,B2,weightless,ไร้น้ำหนัก,weightless.webp
371,B2,microgravity,แรงโน้มถ่วงต่ำมาก,microgravity.webp
371,B2,spacesuit,ชุดอวกาศ,spacesuit.webp
371,B2,rover,ยานสำรวจภาคพื้น,rover.webp
371,B2,docking,การเชื่อมต่อยาน,docking.webp
371,B2,reentry,การกลับเข้าชั้นบรรยากาศ,reentry.webp
372,B2,chronology,ลำดับเวลา,chronology.webp
372,B2,millennium,สหัสวรรษ,millennium.webp
372,B2,epoch,ยุคสมัยทางธรณี,epoch.webp
372,B2,simultaneous,ที่เกิดขึ้นพร้อมกัน,simultaneous.webp
372,B2,duration,ช่วงเวลาที่กินไป,duration.webp
372,B2,synchronise,ทำให้ตรงกัน,synchronise.webp
372,B2,calibrate,ปรับเทียบให้แม่นยำ,calibrate.webp
372,B2,sundial,นาฬิกาแดด,sundial.webp
372,B2,hourglass,นาฬิกาทราย,hourglass.webp
373,B2,prehistoric,ก่อนประวัติศาสตร์,prehistoric.webp
373,B2,medieval,ยุคกลาง,medieval.webp
373,B2,contemporary,ร่วมสมัย,contemporary.webp
373,B2,cyclical,เป็นวัฏจักร,cyclical.webp
373,B2,perpetual,ต่อเนื่องไม่สิ้นสุด,perpetual.webp
373,B2,transient,ชั่วครู่ชั่วยาม,transient.webp
373,B2,ephemeral,อยู่ได้ไม่นาน,ephemeral.webp
373,B2,extrapolate,คาดการณ์ต่อจากแนวโน้ม,extrapolate.webp
373,B2,futurology,อนาคตศาสตร์,futurology.webp
375,B2,anatomy,กายวิภาค,anatomy.webp
375,B2,physiology,สรีรวิทยา,physiology.webp
375,B2,ligament,เอ็นยึดข้อ,ligament.webp
375,B2,cartilage,กระดูกอ่อน,cartilage.webp
375,B2,marrow,ไขกระดูก,marrow.webp
375,B2,artery,หลอดเลือดแดง,artery.webp
375,B2,capillary,หลอดเลือดฝอย,capillary.webp
375,B2,kidney,ไต,kidney.webp
375,B2,gland,ต่อม,gland.webp
376,B2,digestion,การย่อยอาหาร,digestion.webp
376,B2,intestine,ลำไส้,intestine.webp
376,B2,liver,ตับ,liver.webp
376,B2,pancreas,ตับอ่อน,pancreas.webp
376,B2,bloodflow,การไหลเวียนของเลือด,bloodflow.webp
376,B2,immunology,วิทยาภูมิคุ้มกัน,immunology.webp
376,B2,sterile,ปลอดเชื้อ,sterile.webp
376,B2,hydrated,ได้รับน้ำเพียงพอ,hydrated.webp
376,B2,regimen,แผนการดูแลสุขภาพ,regimen.webp
377,B2,pathogen,เชื้อก่อโรค,pathogen.webp
377,B2,infection,การติดเชื้อ,infection.webp
377,B2,inflammation,การอักเสบ,inflammation.webp
377,B2,contagious,ติดต่อได้,contagious.webp
377,B2,asymptomatic,ไม่แสดงอาการ,asymptomatic.webp
377,B2,chronic,เรื้อรัง,chronic.webp
377,B2,acute,เฉียบพลัน,acute.webp
377,B2,fracture,กระดูกหัก,fracture.webp
377,B2,concussion,การกระทบกระเทือนสมอง,concussion.webp
378,B2,antibiotic,ยาปฏิชีวนะ,antibiotic.webp
378,B2,antiviral,ยาต้านไวรัส,antiviral.webp
378,B2,antiseptic,ยาฆ่าเชื้อภายนอก,antiseptic.webp
378,B2,immunise,สร้างภูมิคุ้มกัน,immunise.webp
378,B2,placebo,ยาหลอก,placebo.webp
378,B2,clinical,ทางคลินิก,clinical.webp
378,B2,sideeffect,ผลข้างเคียง,sideeffect.webp
378,B2,prescribe,สั่งจ่ายยา,prescribe.webp
378,B2,remission,ภาวะโรคสงบ,remission.webp
379,B2,paramedic,เจ้าหน้าที่กู้ชีพ,paramedic.webp
379,B2,triage,การคัดแยกผู้ป่วย,triage.webp
379,B2,resuscitate,ช่วยฟื้นคืนชีพ,resuscitate.webp
379,B2,anaesthetic,ยาสลบ,anaesthetic.webp
379,B2,surgeon,ศัลยแพทย์,surgeon.webp
379,B2,transplant,การปลูกถ่ายอวัยวะ,transplant.webp
379,B2,outpatient,ผู้ป่วยนอก,outpatient.webp
379,B2,referral,การส่งต่อผู้ป่วย,referral.webp
379,B2,palliative,การดูแลประคับประคอง,palliative.webp
380,B2,epidemiology,ระบาดวิทยา,epidemiology.webp
380,B2,screening,การตรวจคัดกรอง,screening.webp
380,B2,prognosis,การพยากรณ์โรค,prognosis.webp
380,B2,midwife,ผดุงครรภ์,midwife.webp
380,B2,paediatric,เกี่ยวกับเด็ก,paediatric.webp
380,B2,geriatric,เกี่ยวกับผู้สูงอายุ,geriatric.webp
380,B2,primarycare,บริการปฐมภูมิ,primarycare.webp
380,B2,equitable,เป็นธรรมทั่วถึง,equitable.webp
380,B2,preventive,เชิงป้องกัน,preventive.webp
382,B2,facade,ด้านหน้าอาคาร,facade.webp
382,B2,footing,ฐานรากรับน้ำหนัก,footing.webp
382,B2,girder,คานเหล็กใหญ่,girder.webp
382,B2,cantilever,โครงยื่นออก,cantilever.webp
382,B2,truss,โครงถัก,truss.webp
382,B2,scaffold,นั่งร้าน,scaffold.webp
382,B2,loadbearing,รับน้ำหนักโครงสร้าง,loadbearing.webp
382,B2,reinforced,เสริมเหล็ก,reinforced.webp
382,B2,masonry,งานก่ออิฐหิน,masonry.webp
383,B2,column,เสา,column.webp
383,B2,dome,โดม,dome.webp
383,B2,vault,เพดานโค้ง,vault.webp
383,B2,buttress,ค้ำยันผนัง,buttress.webp
383,B2,atrium,โถงกลางอาคาร,atrium.webp
383,B2,courtyard,ลานกลางบ้าน,courtyard.webp
383,B2,ornament,เครื่องประดับตกแต่ง,ornament.webp
383,B2,minimalist,เรียบง่ายที่สุด,minimalist.webp
383,B2,aesthetic,เกี่ยวกับความงาม,aesthetic.webp
384,B2,floorplan,ผังพื้น,floorplan.webp
384,B2,ventilation,การระบายอากาศ,ventilation.webp
384,B2,acoustics,คุณภาพเสียงในอาคาร,acoustics.webp
384,B2,insulation,ฉนวนกันความร้อน,insulation.webp
384,B2,highrise,อาคารสูง,highrise.webp
384,B2,tenement,ตึกแถวเช่าราคาถูก,tenement.webp
384,B2,renovate,ปรับปรุงใหม่,renovate.webp
384,B2,demolish,รื้อทิ้ง,demolish.webp
384,B2,ergonomic,ออกแบบตามสรีระ,ergonomic.webp
385,B2,junction,ทางแยก,junction.webp
385,B2,roundabout,วงเวียน,roundabout.webp
385,B2,underpass,ทางลอด,underpass.webp
385,B2,flyover,ทางยกระดับ,flyover.webp
385,B2,boulevard,ถนนใหญ่มีต้นไม้,boulevard.webp
385,B2,promenade,ทางเดินเลียบ,promenade.webp
385,B2,walkable,เดินได้สะดวก,walkable.webp
385,B2,gridlock,การจราจรติดตาย,gridlock.webp
385,B2,sprawl,การขยายเมืองไร้ทิศทาง,sprawl.webp
386,B2,zoning,การกำหนดเขตการใช้ที่ดิน,zoning.webp
386,B2,gentrification,การเปลี่ยนย่านเก่าให้แพงขึ้น,gentrification.webp
386,B2,affordable,ราคาพอจ่ายไหว,affordable.webp
386,B2,mixeduse,ใช้งานผสมผสาน,mixeduse.webp
386,B2,greenbelt,พื้นที่สีเขียวล้อมเมือง,greenbelt.webp
386,B2,vista,ทัศนียภาพ,vista.webp
386,B2,listedbuilding,อาคารที่ขึ้นทะเบียนอนุรักษ์,listedbuilding.webp
386,B2,displacement,การถูกผลักออกจากพื้นที่,displacement.webp
386,B2,participation,การมีส่วนร่วมของชุมชน,participation.webp
387,B2,sewer,ท่อระบายน้ำเสีย,sewer.webp
387,B2,drainage,ระบบระบายน้ำ,drainage.webp
387,B2,grid,โครงข่ายสาธารณูปโภค,grid.webp
387,B2,streetlight,ไฟถนน,streetlight.webp
387,B2,prefabricated,สำเร็จรูปจากโรงงาน,prefabricated.webp
387,B2,modular,เป็นหน่วยประกอบ,modular.webp
387,B2,maintenance,การบำรุงรักษา,maintenance.webp
387,B2,resilient,ทนทานฟื้นตัวได้,resilient.webp
387,B2,subsidence,การทรุดตัวของดิน,subsidence.webp
389,B2,interdisciplinary,ข้ามศาสตร์,interdisciplinary.webp
389,B2,analogy,การเปรียบเทียบอุปมา,analogy.webp
389,B2,abstraction,การคิดเชิงนามธรรม,abstraction.webp
389,B2,generalise,สรุปเป็นหลักทั่วไป,generalise.webp
389,B2,specialise,เชี่ยวชาญเฉพาะทาง,specialise.webp
389,B2,transferable,นำไปใช้ข้ามงานได้,transferable.webp
389,B2,expertise,ความเชี่ยวชาญ,expertise.webp
389,B2,novice,ผู้เริ่มต้น,novice.webp
389,B2,leverage,ใช้สิ่งที่มีให้เกิดผลมาก,leverage.webp
390,B2,compounding,การทบต้นสะสมผล,compounding.webp
390,B2,incremental,ทีละเล็กละน้อย,incremental.webp
390,B2,lull,ช่วงชะงักเงียบ,lull.webp
390,B2,milepost,หมุดบอกระยะความก้าวหน้า,milepost.webp
390,B2,scaffolding,โครงช่วยเรียนรู้,scaffolding.webp
390,B2,automaticity,ความคล่องแบบอัตโนมัติ,automaticity.webp
390,B2,consolidation,การรวบยอดความรู้,consolidation.webp
390,B2,capability,ขีดความสามารถที่ทำได้จริง,capability.webp
390,B2,doggedness,ความไม่ยอมเลิกกลางคัน,doggedness.webp
391,B2,linguistics,ภาษาศาสตร์,linguistics.webp
391,B2,phonetics,สัทศาสตร์,phonetics.webp
391,B2,phoneme,หน่วยเสียง,phoneme.webp
391,B2,semantics,อรรถศาสตร์,semantics.webp
391,B2,pragmatics,วัจนปฏิบัติศาสตร์,pragmatics.webp
391,B2,lexicon,คลังคำของภาษา,lexicon.webp
391,B2,etymology,นิรุกติศาสตร์,etymology.webp
391,B2,cognate,คำร่วมรากภาษา,cognate.webp
391,B2,loanword,คำยืมจากภาษาอื่น,loanword.webp
392,B2,morpheme,หน่วยคำ,morpheme.webp
392,B2,morphology,วิทยาหน่วยคำ,morphology.webp
392,B2,affix,หน่วยคำเติม,affix.webp
392,B2,prefix,อุปสรรค,prefix.webp
392,B2,suffix,ปัจจัยท้ายคำ,suffix.webp
392,B2,inflection,การผันคำ,inflection.webp
392,B2,neologism,คำเกิดใหม่,neologism.webp
392,B2,coinage,การประดิษฐ์คำใหม่,coinage.webp
392,B2,archaic,โบราณเลิกใช้แล้ว,archaic.webp
393,B2,syntax,วากยสัมพันธ์,syntax.webp
393,B2,subordinate,อนุประโยครอง,subordinate.webp
393,B2,modifier,ส่วนขยาย,modifier.webp
393,B2,determiner,คำนำหน้านาม,determiner.webp
393,B2,preposition,บุพบท,preposition.webp
393,B2,conjunction,คำเชื่อม,conjunction.webp
393,B2,ambiguity,ความกำกวม,ambiguity.webp
393,B2,polysemy,ความหมายหลากหลายของคำเดียว,polysemy.webp
393,B2,homophone,คำพ้องเสียง,homophone.webp
394,B2,vernacular,ภาษาพูดพื้นถิ่น,vernacular.webp
394,B2,jargon,ศัพท์เฉพาะวงการ,jargon.webp
394,B2,slang,คำสแลง,slang.webp
394,B2,creole,ภาษาครีโอล,creole.webp
394,B2,pidgin,ภาษาผสมเพื่อสื่อสาร,pidgin.webp
394,B2,multilingual,ใช้ได้หลายภาษา,multilingual.webp
394,B2,standardise,ทำให้เป็นมาตรฐาน,standardise.webp
394,B2,orthography,ระบบการสะกด,orthography.webp
394,B2,transliterate,ถอดเสียงเป็นอีกอักษร,transliterate.webp
395,B2,bilingualism,ภาวะสองภาษา,bilingualism.webp
395,B2,logogram,อักษรภาพแทนคำ,logogram.webp
395,B2,syllabary,ระบบอักษรพยางค์,syllabary.webp
395,B2,alphabet,ตัวอักษร,alphabet.webp
395,B2,punctuation,เครื่องหมายวรรคตอน,punctuation.webp
395,B2,apostrophe,เครื่องหมายอะพอสทรอฟี,apostrophe.webp
395,B2,semicolon,อัฒภาค,semicolon.webp
395,B2,parenthesis,วงเล็บ,parenthesis.webp
395,B2,hyphen,ยัติภังค์,hyphen.webp
396,B2,enunciate,ออกเสียงให้ชัด,enunciate.webp
396,B2,mumble,พูดพึมพำ,mumble.webp
396,B2,accentuate,เน้นให้เด่นชัด,accentuate.webp
396,B2,diction,การเลือกใช้ถ้อยคำ,diction.webp
396,B2,cadence,จังหวะทำนองการพูด,cadence.webp
396,B2,elision,การกลืนเสียง,elision.webp
396,B2,liaison,การเชื่อมเสียงระหว่างคำ,liaison.webp
396,B2,minimalpair,คู่คำต่างเสียงเดียว,minimalpair.webp
396,B2,shadow,พูดตามทันทีที่ได้ยิน,shadow.webp
398,B2,protagonist,ตัวเอก,protagonist.webp
398,B2,antagonist,ตัวร้ายผู้ขัดขวาง,antagonist.webp
398,B2,exposition,การปูเรื่อง,exposition.webp
398,B2,climax,จุดสูงสุดของเรื่อง,climax.webp
398,B2,denouement,บทคลี่คลาย,denouement.webp
398,B2,subplot,เรื่องรอง,subplot.webp
398,B2,foreshadow,ปูเงื่อนล่วงหน้า,foreshadow.webp
398,B2,suspense,ความลุ้นระทึก,suspense.webp
398,B2,cliffhanger,ตอนจบค้างคา,cliffhanger.webp
399,B2,omniscient,ผู้เล่ารู้ทุกอย่าง,omniscient.webp
399,B2,firstperson,เล่าจากมุมฉัน,firstperson.webp
399,B2,unreliable,ผู้เล่าที่เชื่อไม่ได้,unreliable.webp
399,B2,monologue,บทพูดคนเดียว,monologue.webp
399,B2,soliloquy,บทรำพึงกับตัวเอง,soliloquy.webp
399,B2,dialogue,บทสนทนา,dialogue.webp
399,B2,characterisation,การสร้างตัวละคร,characterisation.webp
399,B2,archetype,ต้นแบบตัวละคร,archetype.webp
399,B2,foil,ตัวละครที่ขับให้อีกตัวเด่น,foil.webp
400,B2,simile,อุปมาที่ใช้คำเปรียบ,simile.webp
400,B2,personification,การให้สิ่งไร้ชีวิตมีชีวิต,personification.webp
400,B2,hyperbole,อติพจน์เกินจริง,hyperbole.webp
400,B2,imagery,ภาพพจน์,imagery.webp
400,B2,alliteration,การเล่นเสียงพยัญชนะซ้ำ,alliteration.webp
400,B2,symbolism,สัญลักษณ์นิยม,symbolism.webp
400,B2,allegory,นิทานเปรียบเทียบ,allegory.webp
400,B2,stanza,บทกลอน,stanza.webp
400,B2,prose,ร้อยแก้ว,prose.webp
401,B2,category,ประเภทหมวดหมู่,category.webp
401,B2,fable,นิทานสอนใจ,fable.webp
401,B2,parable,อุปมานิทานสอนธรรม,parable.webp
401,B2,epic,มหากาพย์,epic.webp
401,B2,tragedy,โศกนาฏกรรม,tragedy.webp
401,B2,satire,งานเสียดสี,satire.webp
401,B2,parody,งานล้อเลียน,parody.webp
401,B2,anthology,หนังสือรวมเรื่อง,anthology.webp
401,B2,worldbuilding,การสร้างโลกในเรื่อง,worldbuilding.webp
402,B2,typescript,ต้นฉบับพิมพ์ส่งสำนักพิมพ์,typescript.webp
402,B2,publisher,สำนักพิมพ์,publisher.webp
402,B2,royalties,ค่าลิขสิทธิ์ผู้เขียน,royalties.webp
402,B2,bestseller,หนังสือขายดี,bestseller.webp
402,B2,excerpt,บทตัดตอน,excerpt.webp
402,B2,prologue,บทนำเรื่อง,prologue.webp
402,B2,epilogue,บทส่งท้าย,epilogue.webp
402,B2,retelling,การเล่าใหม่ในสื่ออื่น,retelling.webp
402,B2,screenplay,บทภาพยนตร์,screenplay.webp
403,B2,theme,แก่นเรื่อง,theme.webp
403,B2,recurringimage,ภาพที่วนกลับมาซ้ำ,recurringimage.webp
403,B2,pacing,จังหวะการดำเนินเรื่อง,pacing.webp
403,B2,closure,การจบลงอย่างลงตัว,closure.webp
403,B2,interpretive,เชิงตีความ,interpretive.webp
403,B2,criticism,การวิจารณ์วรรณกรรม,criticism.webp
403,B2,canon,ชุดวรรณกรรมที่ยอมรับกัน,canon.webp
403,B2,closeread,การอ่านเจาะลึกทีละบรรทัด,closeread.webp
403,B2,resonate,สะเทือนใจกินใจ,resonate.webp
405,B2,morale,ขวัญกำลังใจ,morale.webp
405,B2,cohesion,ความเป็นน้ำหนึ่งใจเดียว,cohesion.webp
405,B2,micromanage,จู้จี้ควบคุมทุกขั้นตอน,micromanage.webp
405,B2,incentivise,สร้างแรงจูงใจด้วยรางวัล,incentivise.webp
405,B2,onboarding,การรับคนใหม่เข้างาน,onboarding.webp
405,B2,attrition,อัตราการลาออก,attrition.webp
405,B2,succession,การวางตัวผู้สืบทอด,succession.webp
405,B2,facilitate,ช่วยให้การประชุมเดินหน้า,facilitate.webp
405,B2,tactful,มีชั้นเชิงถนอมน้ำใจ,tactful.webp
406,B2,hierarchy,ลำดับชั้นบังคับบัญชา,hierarchy.webp
406,B2,silo,การทำงานแยกส่วนไม่คุยกัน,silo.webp
406,B2,crossfunctional,ข้ามสายงาน,crossfunctional.webp
406,B2,alignment,ความเข้าใจตรงกัน,alignment.webp
406,B2,stakeholder,ผู้มีส่วนได้ส่วนเสีย,stakeholder.webp
406,B2,escalate,ส่งเรื่องขึ้นระดับสูงกว่า,escalate.webp
406,B2,retrospective,การทบทวนหลังงานเสร็จ,retrospective.webp
406,B2,norms,บรรทัดฐานที่ทีมยึดถือ,norms.webp
406,B2,rapport,ความสัมพันธ์อันดี,rapport.webp
407,B2,deliverable,สิ่งที่ต้องส่งมอบ,deliverable.webp
407,B2,scopecreep,งานบานปลายเกินขอบเขต,scopecreep.webp
407,B2,fallback,แผนสำรองเมื่อพลาด,fallback.webp
407,B2,dependency,งานที่ต้องรอกันก่อน,dependency.webp
407,B2,bottleneck,จุดคอขวด,bottleneck.webp
407,B2,roadmap,แผนที่นำทางโครงการ,roadmap.webp
407,B2,forecasting,การคาดการณ์เวลางาน,forecasting.webp
407,B2,buffer,เวลาเผื่อ,buffer.webp
407,B2,postmortem,การถอดบทเรียนหลังปัญหา,postmortem.webp
408,B2,bargaining,การต่อรอง,bargaining.webp
408,B2,concession,การยอมลดให้,concession.webp
408,B2,counteroffer,ข้อเสนอโต้กลับ,counteroffer.webp
408,B2,anchor,ตัวเลขตั้งต้นที่ยึดใจ,anchor.webp
408,B2,walkaway,จุดที่พร้อมเดินจากโต๊ะ,walkaway.webp
408,B2,reciprocate,ตอบแทนกลับ,reciprocate.webp
408,B2,goodwill,ไมตรีจิต,goodwill.webp
408,B2,winwin,ได้ประโยชน์ทั้งสองฝ่าย,winwin.webp
408,B2,zerosum,ฝ่ายหนึ่งได้อีกฝ่ายเสีย,zerosum.webp
409,B2,stalemate,ภาวะคุมเชิงไปไม่ได้,stalemate.webp
409,B2,impasse,ทางตัน,impasse.webp
409,B2,ultimatum,คำขาด,ultimatum.webp
409,B2,mediator,ผู้ไกล่เกลี่ย,mediator.webp
409,B2,arbitrator,อนุญาโตตุลาการ,arbitrator.webp
409,B2,assertiveness,ความกล้าแสดงจุดยืน,assertiveness.webp
409,B2,cutoff,จุดตัดเวลาเจรจา,cutoff.webp
409,B2,facesaving,การรักษาหน้าให้อีกฝ่าย,facesaving.webp
409,B2,deescalate,ลดระดับความตึงเครียด,deescalate.webp
410,B2,longterm,ระยะยาว,longterm.webp
410,B2,shortterm,ระยะสั้น,shortterm.webp
410,B2,reputation,ชื่อเสียงสั่งสม,reputation.webp
410,B2,uprightness,ความตรงไปตรงมา,uprightness.webp
410,B2,steadiness,ความสม่ำเสมอมั่นคง,steadiness.webp
410,B2,followthrough,การทำจนจบตามที่รับปาก,followthrough.webp
410,B2,forbearing,ใจเย็นรอได้,forbearing.webp
410,B2,adaptability,ความสามารถปรับตัว,adaptability.webp
410,B2,endowment,สิ่งดีที่ส่งต่อให้คนรุ่นถัดไป,endowment.webp
412,B2,globalisation,โลกาภิวัตน์,globalisation.webp
412,B2,interdependence,การพึ่งพากันและกัน,interdependence.webp
412,B2,supplychain,ห่วงโซ่อุปทาน,supplychain.webp
412,B2,protectionism,นโยบายกีดกันการค้า,protectionism.webp
412,B2,freetrade,การค้าเสรี,freetrade.webp
412,B2,sanction,มาตรการคว่ำบาตร,sanction.webp
412,B2,reshoring,การย้ายการผลิตกลับประเทศ,reshoring.webp
412,B2,foodsecurity,ความมั่นคงทางอาหาร,foodsecurity.webp
412,B2,watersecurity,ความมั่นคงทางน้ำ,watersecurity.webp
413,B2,multilateral,หลายฝ่ายร่วมกัน,multilateral.webp
413,B2,envoy,ผู้แทนพิเศษ,envoy.webp
413,B2,consulate,สถานกงสุล,consulate.webp
413,B2,conference,การประชุมนานาชาติ,conference.webp
413,B2,communique,แถลงการณ์ร่วม,communique.webp
413,B2,accord,ข้อตกลงร่วม,accord.webp
413,B2,pact,สนธิสัญญาข้อตกลง,pact.webp
413,B2,ratification,การให้สัตยาบัน,ratification.webp
413,B2,compliance,การปฏิบัติตามข้อตกลง,compliance.webp
414,B2,lifesaving,ที่ช่วยชีวิตคน,lifesaving.webp
414,B2,peacekeeping,การรักษาสันติภาพ,peacekeeping.webp
414,B2,ceasefire,การหยุดยิง,ceasefire.webp
414,B2,resettlement,การตั้งถิ่นฐานใหม่,resettlement.webp
414,B2,haulage,การขนส่งลำเลียง,haulage.webp
414,B2,coordination,การประสานงาน,coordination.webp
414,B2,remit,ขอบเขตอำนาจหน้าที่,remit.webp
414,B2,neutral,เป็นกลางไม่เข้าข้าง,neutral.webp
414,B2,auditing,การตรวจสอบบัญชี,auditing.webp
415,B2,preparedness,ความพร้อมรับมือ,preparedness.webp
415,B2,containment,การควบคุมการระบาด,containment.webp
415,B2,eradicate,กำจัดให้หมดสิ้น,eradicate.webp
415,B2,immunisation,การสร้างภูมิคุ้มกันหมู่,immunisation.webp
415,B2,mortality,อัตราการเสียชีวิต,mortality.webp
415,B2,lifeexpectancy,อายุขัยเฉลี่ย,lifeexpectancy.webp
415,B2,indicator,ตัวชี้วัด,indicator.webp
415,B2,capacitybuilding,การเสริมสร้างขีดความสามารถ,capacitybuilding.webp
415,B2,electrification,การเข้าถึงไฟฟ้า,electrification.webp
416,B2,proliferation,การแพร่ขยายอาวุธ,proliferation.webp
416,B2,disarmament,การลดอาวุธ,disarmament.webp
416,B2,deterrent,สิ่งที่ใช้ป้องปราม,deterrent.webp
416,B2,inspection,การเข้าตรวจสอบ,inspection.webp
416,B2,inspector,ผู้ตรวจการ,inspector.webp
416,B2,cybersecurity,ความมั่นคงไซเบอร์,cybersecurity.webp
416,B2,escalation,การยกระดับความขัดแย้ง,escalation.webp
416,B2,selfrestraint,การยับยั้งตนเอง,selfrestraint.webp
416,B2,stability,เสถียรภาพ,stability.webp
417,B2,benchmark,เกณฑ์เปรียบเทียบ,benchmark.webp
417,B2,baseline,ค่าตั้งต้นก่อนวัดผล,baseline.webp
417,B2,aggregate,ค่ารวมทั้งหมด,aggregate.webp
417,B2,disaggregate,แยกย่อยข้อมูล,disaggregate.webp
417,B2,proxy,ตัวแทนวัดทางอ้อม,proxy.webp
417,B2,longitudinal,ตามติดระยะยาว,longitudinal.webp
417,B2,linkage,การเชื่อมโยงเหตุกับผล,linkage.webp
417,B2,unintended,ผลที่ไม่ได้ตั้งใจ,unintended.webp
417,B2,sustainability,ความยั่งยืนของผลลัพธ์,sustainability.webp
419,B2,metacognition,การรู้เท่าทันความคิดตนเอง,metacognition.webp
419,B2,overconfidence,ความมั่นใจเกินจริง,overconfidence.webp
419,B2,calibrated,ประเมินความมั่นใจได้แม่น,calibrated.webp
419,B2,steelman,สรุปฝ่ายตรงข้ามให้แข็งที่สุด,steelman.webp
419,B2,openminded,เปิดรับความคิดใหม่,openminded.webp
419,B2,falsifiable,พิสูจน์ว่าผิดได้,falsifiable.webp
419,B2,parsimony,การอธิบายอย่างเรียบง่ายที่สุด,parsimony.webp
419,B2,probabilistic,เชิงความน่าจะเป็น,probabilistic.webp
419,B2,provisional,เป็นข้อสรุปชั่วคราว,provisional.webp
420,B2,immersion,การจมอยู่กับภาษา,immersion.webp
420,B2,spontaneity,ความเป็นธรรมชาติทันที,spontaneity.webp
420,B2,precision,ความแม่นยำในการใช้คำ,precision.webp
420,B2,register,ระดับภาษาที่เหมาะกับสถานการณ์,register.webp
420,B2,nuanced,ละเอียดอ่อนแยกแยะได้,nuanced.webp
420,B2,unforced,เป็นไปเองไม่ฝืน,unforced.webp
420,B2,versatile,ใช้ได้หลากหลายสถานการณ์,versatile.webp
420,B2,cumulative,สะสมทบไปเรื่อย,cumulative.webp
420,B2,upkeep,การดูแลรักษาให้คงอยู่,upkeep.webp
421,B2,aerodynamics,อากาศพลศาสตร์,aerodynamics.webp
421,B2,propulsion,ระบบขับเคลื่อน,propulsion.webp
421,B2,thrust,แรงขับไปข้างหน้า,thrust.webp
421,B2,upforce,แรงยกตัวขึ้น,upforce.webp
421,B2,fuselage,ลำตัวเครื่องบิน,fuselage.webp
421,B2,propeller,ใบพัด,propeller.webp
421,B2,cockpit,ห้องนักบิน,cockpit.webp
421,B2,altimeter,เครื่องวัดความสูง,altimeter.webp
421,B2,streamlined,ออกแบบให้ลู่ลม,streamlined.webp
422,B2,hull,ตัวเรือ,hull.webp
422,B2,keel,กระดูกงูเรือ,keel.webp
422,B2,ballast,ของถ่วงเรือ,ballast.webp
422,B2,rudder,หางเสือ,rudder.webp
422,B2,cargo,สินค้าที่ขนส่ง,cargo.webp
422,B2,freight,การขนส่งสินค้า,freight.webp
422,B2,tanker,เรือบรรทุกของเหลว,tanker.webp
422,B2,shipyard,อู่ต่อเรือ,shipyard.webp
422,B2,conveyor,สายพานลำเลียง,conveyor.webp
423,B2,locomotive,หัวรถจักร,locomotive.webp
423,B2,railcar,ตู้รถไฟโดยสาร,railcar.webp
423,B2,gauge,ความกว้างรางรถไฟ,gauge.webp
423,B2,signalling,ระบบอาณัติสัญญาณ,signalling.webp
423,B2,rollingresistance,แรงต้านการหมุนของล้อ,rollingresistance.webp
423,B2,electrified,เดินรถด้วยไฟฟ้า,electrified.webp
423,B2,timing,การจัดจังหวะเดินรถ,timing.webp
423,B2,interchange,สถานีเปลี่ยนสาย,interchange.webp
423,B2,throughput,ปริมาณที่ผ่านได้ต่อชั่วโมง,throughput.webp
424,B2,suspension,สะพานแขวน,suspension.webp
424,B2,span,ช่วงข้ามของสะพาน,span.webp
424,B2,pylon,เสาสูงรับสายเคเบิล,pylon.webp
424,B2,tension,แรงดึง,tension.webp
424,B2,compression,แรงอัด,compression.webp
424,B2,bore,การเจาะอุโมงค์,bore.webp
424,B2,tunnelling,การขุดเจาะอุโมงค์,tunnelling.webp
424,B2,settling,การทรุดตัวของอาคาร,settling.webp
424,B2,surveying,การสำรวจตรวจสภาพ,surveying.webp
425,B2,chassis,โครงรถ,chassis.webp
425,B2,axle,เพลาล้อ,axle.webp
425,B2,transmission,ระบบส่งกำลัง,transmission.webp
425,B2,combustion,การสันดาป,combustion.webp
425,B2,torque,แรงบิด,torque.webp
425,B2,hybrid,ระบบผสมสองพลังงาน,hybrid.webp
425,B2,regenerative,นำพลังงานเบรกกลับมาใช้,regenerative.webp
425,B2,autopilot,ระบบขับอัตโนมัติ,autopilot.webp
425,B2,telemetry,การส่งข้อมูลระยะไกล,telemetry.webp
426,B2,overhaul,การยกเครื่องซ่อมใหญ่,overhaul.webp
426,B2,wearandtear,การสึกหรอตามการใช้งาน,wearandtear.webp
426,B2,clearance,ระยะเผื่อระหว่างชิ้นส่วน,clearance.webp
426,B2,calibration,การปรับเทียบเครื่องมือ,calibration.webp
426,B2,redundancy,ระบบสำรองซ้ำซ้อน,redundancy.webp
426,B2,failsafe,ออกแบบให้พังอย่างปลอดภัย,failsafe.webp
426,B2,warehouse,คลังสินค้า,warehouse.webp
426,B2,forklift,รถยกของ,forklift.webp
426,B2,substation,สถานีไฟฟ้าย่อย,substation.webp
428,B2,evolution,วิวัฒนาการ,evolution.webp
428,B2,naturalselection,การคัดเลือกโดยธรรมชาติ,naturalselection.webp
428,B2,variation,ความแตกต่างในหมู่ประชากร,variation.webp
428,B2,speciation,การเกิดสปีชีส์ใหม่,speciation.webp
428,B2,lineage,สายวิวัฒนาการ,lineage.webp
428,B2,fossilrecord,บันทึกซากดึกดำบรรพ์,fossilrecord.webp
428,B2,phylogeny,แผนภูมิสายวิวัฒนาการ,phylogeny.webp
428,B2,vestigial,เหลือร่องรอยจากอดีต,vestigial.webp
428,B2,convergent,วิวัฒนาการมาบรรจบกัน,convergent.webp
429,B2,taxonomy,อนุกรมวิธาน,taxonomy.webp
429,B2,genus,สกุลของสิ่งมีชีวิต,genus.webp
429,B2,phylum,ไฟลัม,phylum.webp
429,B2,vertebrate,สัตว์มีกระดูกสันหลัง,vertebrate.webp
429,B2,invertebrate,สัตว์ไม่มีกระดูกสันหลัง,invertebrate.webp
429,B2,mammal,สัตว์เลี้ยงลูกด้วยนม,mammal.webp
429,B2,amphibian,สัตว์สะเทินน้ำสะเทินบก,amphibian.webp
429,B2,arthropod,สัตว์ขาปล้อง,arthropod.webp
429,B2,metamorphosis,การเปลี่ยนรูปร่าง,metamorphosis.webp
430,B2,camouflage,การพรางตัว,camouflage.webp
430,B2,mimicry,การเลียนแบบสิ่งอื่น,mimicry.webp
430,B2,nocturnal,หากินกลางคืน,nocturnal.webp
430,B2,echolocation,การหาตำแหน่งด้วยเสียงสะท้อน,echolocation.webp
430,B2,hibernate,จำศีล,hibernate.webp
430,B2,burrow,โพรงใต้ดิน,burrow.webp
430,B2,plumage,ขนนกทั้งชุด,plumage.webp
430,B2,talon,กรงเล็บนกล่าเหยื่อ,talon.webp
430,B2,instinct,สัญชาตญาณ,instinct.webp
431,B2,symbiosis,การอยู่ร่วมกันของสองสปีชีส์,symbiosis.webp
431,B2,parasite,ปรสิต,parasite.webp
431,B2,pollinator,ผู้ผสมเกสร,pollinator.webp
431,B2,swarm,ฝูงแมลงจำนวนมาก,swarm.webp
431,B2,pheromone,สารเคมีสื่อสาร,pheromone.webp
431,B2,territory,อาณาเขตหวงห้าม,territory.webp
431,B2,courtship,พฤติกรรมเกี้ยวพาราสี,courtship.webp
431,B2,imprinting,การจดจำผู้เลี้ยงแรกเกิด,imprinting.webp
431,B2,anthill,รังมดใต้ดิน,anthill.webp
432,B2,herbivore,สัตว์กินพืช,herbivore.webp
432,B2,carnivore,สัตว์กินเนื้อ,carnivore.webp
432,B2,omnivore,สัตว์กินทั้งพืชและเนื้อ,omnivore.webp
432,B2,scavenger,สัตว์กินซาก,scavenger.webp
432,B2,decomposer,ผู้ย่อยสลาย,decomposer.webp
432,B2,foodweb,สายใยอาหาร,foodweb.webp
432,B2,niche,ช่องว่างทางนิเวศ,niche.webp
432,B2,keystone,สปีชีส์หลักค้ำระบบ,keystone.webp
432,B2,cascade,ผลกระทบต่อเนื่องเป็นทอด,cascade.webp
433,B2,endemic,พบเฉพาะถิ่นเดียว,endemic.webp
433,B2,invasive,สปีชีส์รุกราน,invasive.webp
433,B2,fragmentation,การแตกเป็นหย่อมของถิ่นอาศัย,fragmentation.webp
433,B2,linkway,ทางเชื่อมผืนป่า,linkway.webp
433,B2,captivebreeding,การเพาะเลี้ยงเพื่อขยายพันธุ์,captivebreeding.webp
433,B2,rewilding,การคืนธรรมชาติสู่พื้นที่,rewilding.webp
433,B2,genepool,กองพันธุกรรมของประชากร,genepool.webp
433,B2,inbreeding,การผสมในสายเลือดใกล้,inbreeding.webp
433,B2,monitoring,การเฝ้าติดตามประชากร,monitoring.webp
435,B2,alloy,โลหะผสม,alloy.webp
435,B2,polymer,พอลิเมอร์,polymer.webp
435,B2,composite,วัสดุผสม,composite.webp
435,B2,carbonfibre,คาร์บอนไฟเบอร์,carbonfibre.webp
435,B2,elasticity,ความยืดหยุ่น,elasticity.webp
435,B2,brittle,เปราะแตกง่าย,brittle.webp
435,B2,ductile,ดึงเป็นเส้นได้,ductile.webp
435,B2,malleable,ตีแผ่เป็นแผ่นได้,malleable.webp
435,B2,durability,ความทนทาน,durability.webp
436,B2,forge,ตีขึ้นรูปโลหะ,forge.webp
436,B2,weld,เชื่อมโลหะ,weld.webp
436,B2,solder,บัดกรี,solder.webp
436,B2,anneal,อบอ่อนโลหะ,anneal.webp
436,B2,corrode,กัดกร่อน,corrode.webp
436,B2,galvanise,ชุบสังกะสีกันสนิม,galvanise.webp
436,B2,lathe,เครื่องกลึง,lathe.webp
436,B2,kiln,เตาเผา,kiln.webp
436,B2,extrude,อัดรีดขึ้นรูป,extrude.webp
437,B2,textile,สิ่งทอ,textile.webp
437,B2,loom,กี่ทอผ้า,loom.webp
437,B2,spindle,แกนปั่นด้าย,spindle.webp
437,B2,synthetic,เส้นใยสังเคราะห์,synthetic.webp
437,B2,breathable,ระบายอากาศได้,breathable.webp
437,B2,waterproof,กันน้ำ,waterproof.webp
437,B2,dyeing,การย้อมสี,dyeing.webp
437,B2,tanning,การฟอกหนัง,tanning.webp
437,B2,crease,รอยยับ,crease.webp
438,B2,garment,เสื้อผ้าสำเร็จ,garment.webp
438,B2,seam,ตะเข็บ,seam.webp
438,B2,hem,ชายผ้าพับเย็บ,hem.webp
438,B2,lining,ผ้าซับใน,lining.webp
438,B2,bespoke,ตัดตามสั่งเฉพาะคน,bespoke.webp
438,B2,couture,แฟชั่นชั้นสูง,couture.webp
438,B2,mending,การซ่อมเสื้อผ้า,mending.webp
438,B2,launder,ซักรีด,launder.webp
438,B2,craftsmanship,ฝีมือช่าง,craftsmanship.webp
439,B2,fastfashion,แฟชั่นผลิตเร็วราคาถูก,fastfashion.webp
439,B2,readytowear,เสื้อผ้าสำเร็จรูป,readytowear.webp
439,B2,secondhand,มือสอง,secondhand.webp
439,B2,upcycle,แปลงของเก่าให้มีค่าขึ้น,upcycle.webp
439,B2,microfibre,เส้นใยจิ๋วที่หลุดจากผ้า,microfibre.webp
439,B2,overproduction,การผลิตล้นเกิน,overproduction.webp
439,B2,supplier,ผู้ผลิตต้นทาง,supplier.webp
439,B2,audit,การตรวจสอบโรงงาน,audit.webp
439,B2,livingwage,ค่าจ้างที่พอเลี้ยงชีพ,livingwage.webp
440,B2,repairable,ซ่อมได้,repairable.webp
440,B2,modularity,การออกแบบเป็นหน่วยถอดได้,modularity.webp
440,B2,sparepart,อะไหล่,sparepart.webp
440,B2,obsolescence,ความล้าสมัยที่ตั้งใจให้เกิด,obsolescence.webp
440,B2,recyclable,นำกลับมาใช้ใหม่ได้,recyclable.webp
440,B2,biodegrade,ย่อยสลายทางชีวภาพ,biodegrade.webp
440,B2,lifecycle,วงจรชีวิตของผลิตภัณฑ์,lifecycle.webp
440,B2,provenance,แหล่งที่มาที่ตรวจสอบได้,provenance.webp
440,B2,memento,ของที่เก็บไว้เตือนความทรงจำ,memento.webp
442,B2,imply,บอกเป็นนัย,imply.webp
442,B2,complement,ส่วนที่เติมเต็มกัน,complement.webp
442,B2,discreet,รอบคอบไม่แพร่งพราย,discreet.webp
442,B2,discrete,แยกเป็นส่วนชัดเจน,discrete.webp
442,B2,elicit,ดึงคำตอบออกมาได้,elicit.webp
442,B2,illicit,ผิดกฎหมาย,illicit.webp
442,B2,ensure,ทำให้แน่ใจว่าเกิดขึ้น,ensure.webp
442,B2,comprise,ประกอบด้วย,comprise.webp
442,B2,continual,เกิดซ้ำเป็นระยะ,continual.webp
443,B2,candid,พูดตรงอย่างจริงใจ,candid.webp
443,B2,blunt,พูดตรงจนกระด้าง,blunt.webp
443,B2,courteous,สุภาพมีมารยาท,courteous.webp
443,B2,gracious,อ่อนโยนมีน้ำใจ,gracious.webp
443,B2,concede,ยอมรับว่าอีกฝ่ายถูก,concede.webp
443,B2,acknowledge,รับรู้และยอมรับ,acknowledge.webp
443,B2,endorse,สนับสนุนอย่างเปิดเผย,endorse.webp
443,B2,uphold,ยืนหยัดรักษาไว้,uphold.webp
443,B2,reckon,คิดว่าประเมินว่า,reckon.webp
444,B2,ballpark,ตัวเลขคร่าวๆ,ballpark.webp
444,B2,upshot,ผลสรุปที่ได้,upshot.webp
444,B2,grapple,ต่อสู้กับปัญหายาก,grapple.webp
444,B2,linger,ค้างอยู่ไม่จางหาย,linger.webp
444,B2,unfold,ค่อยๆ คลี่คลาย,unfold.webp
444,B2,ponder,ครุ่นคิดพิจารณา,ponder.webp
444,B2,savour,ลิ้มรสอย่างช้าๆ,savour.webp
444,B2,cherish,ทะนุถนอมในใจ,cherish.webp
444,B2,strive,มุ่งมั่นพยายาม,strive.webp
445,B2,tenacious,ไม่ยอมปล่อยมือ,tenacious.webp
445,B2,meticulous,ละเอียดถี่ถ้วน,meticulous.webp
445,B2,scrupulous,ซื่อตรงเคร่งครัด,scrupulous.webp
445,B2,resourceful,พลิกแพลงหาทางได้,resourceful.webp
445,B2,conscientious,ทำงานด้วยความรับผิดชอบ,conscientious.webp
445,B2,astute,เฉียบแหลมมองขาด,astute.webp
445,B2,pragmatic,เน้นปฏิบัติได้จริง,pragmatic.webp
445,B2,poised,สุขุมมั่นคง,poised.webp
445,B2,earnest,จริงจังจริงใจ,earnest.webp
446,B2,nurture,บ่มเพาะดูแลให้เติบโต,nurture.webp
446,B2,replenish,เติมให้เต็มอยู่เสมอ,replenish.webp
446,B2,steep,แช่ตัวอยู่กับภาษา,steep.webp
446,B2,revisit,กลับมาทบทวนอีกครั้ง,revisit.webp
446,B2,broaden,ขยายให้กว้างขึ้น,broaden.webp
446,B2,hone,ลับฝีมือให้คม,hone.webp
446,B2,steadfastness,ความสม่ำเสมอมั่นคง,steadfastness.webp
446,B2,inquisitive,ช่างสงสัยใคร่รู้,inquisitive.webp
446,B2,continuing,ที่ดำเนินต่อไปเรื่อยๆ,continuing.webp
447,B2,signpost,หมุดหมายบอกทาง,signpost.webp
447,B2,culmination,จุดสูงสุดของความพยายาม,culmination.webp
447,B2,testament,เครื่องพิสูจน์,testament.webp
447,B2,gratifying,น่าพอใจชื่นใจ,gratifying.webp
447,B2,hardwon,ได้มาด้วยความยากลำบาก,hardwon.webp
447,B2,unwavering,ไม่หวั่นไหว,unwavering.webp
447,B2,doorway,ประตูสู่สิ่งใหม่,doorway.webp
447,B2,beckon,เรียกให้ก้าวไปหา,beckon.webp
447,B2,flourish,เจริญงอกงาม,flourish.webp
447,B2,delve,เจาะลึกลงไป,delve.webp
447,B2,resolute,แน่วแน่,resolute.webp
447,B2,boundless,ไร้ขีดจำกัด,boundless.webp
